[{"user": "Anastasia9992015", "address": "Vladivostok, Russia", "reviews": 149, "likes": 68.0}, {"user": "rkim511", "address": "Kuala Lumpur, Malaysia", "reviews": 142, "likes": 136.0}, {"user": "Anncici", "address": NaN, "reviews": 468, "likes": 32.0}, {"user": "cutiedoggy13", "address": "Hong Kong", "reviews": 337, "likes": 229.0}, {"user": "Dan L", "address": "Bunbury, Australia", "reviews": 2588, "likes": 779.0}, {"user": "114sandyr", "address": "Hong Kong, China", "reviews": 137, "likes": 55.0}, {"user": "Andrea A", "address": NaN, "reviews": 214, "likes": 64.0}, {"user": "cj0823", "address": NaN, "reviews": 18, "likes": 7.0}, {"user": "Dan A", "address": "Denver, Colorado", "reviews": 45, "likes": 26.0}, {"user": "hyunkkk", "address": "South Korea", "reviews": 345, "likes": 22.0}, {"user": "ken_stearns", "address": "Bangkok, Thailand", "reviews": 108, "likes": 55.0}, {"user": "Safemach", "address": "Shanghai", "reviews": 245, "likes": 128.0}, {"user": "Julien G", "address": "Phuket, Thailand", "reviews": 39, "likes": 26.0}, {"user": "bobwK5197LB", "address": NaN, "reviews": 37, "likes": 17.0}, {"user": "Andrew V", "address": NaN, "reviews": 1, "likes": NaN}, {"user": "Dreamer726639", "address": "Hong Kong, China", "reviews": 1, "likes": 3.0}, {"user": "stefanobY1151RR", "address": "Brooklyn, New York", "reviews": 113, "likes": 35.0}, {"user": "jayniferb", "address": "Hong Kong, China", "reviews": 1, "likes": 1.0}, {"user": "Joseph-in-NYC", "address": "New York City, New York", "reviews": 32, "likes": 28.0}, {"user": "Applelover826", "address": NaN, "reviews": 1, "likes": NaN}, {"user": "mikemoulds", "address": "Beverley, United Kingdom", "reviews": 216, "likes": 184.0}, {"user": "samcH7426AP", "address": "Hong Kong", "reviews": 5, "likes": NaN}, {"user": "Christina R", "address": NaN, "reviews": 1, "likes": NaN}, {"user": "tjjones425", "address": "San Jose, California", "reviews": 6, "likes": 6.0}, {"user": "Josephb8585", "address": "Sunny Isles Beach, Florida", "reviews": 93, "likes": 40.0}, {"user": "Antony S", "address": "Hong Kong, China", "reviews": 19, "likes": 5.0}, {"user": "mrstsh", "address": "hk", "reviews": 31, "likes": 10.0}, {"user": "HeyJu2014", "address": "Hong Kong, China", "reviews": 1, "likes": 2.0}, {"user": "Luke A", "address": "New York City, New York", "reviews": 10, "likes": 5.0}, {"user": "clementc516", "address": "Hong Kong, China", "reviews": 7, "likes": 2.0}, {"user": "zed1313", "address": "United Kingdom", "reviews": 186, "likes": 82.0}, {"user": "1foodielove", "address": "Side, Turkey", "reviews": 21, "likes": 21.0}, {"user": "Wendy N", "address": NaN, "reviews": 3, "likes": NaN}, {"user": "Liupkiu", "address": NaN, "reviews": 2, "likes": 2.0}, {"user": "ldunnreier", "address": "Jacksonville, Florida", "reviews": 42, "likes": 17.0}, {"user": "Colm O", "address": NaN, "reviews": 4, "likes": NaN}, {"user": "thegreatchris", "address": "Munich, Germany", "reviews": 34, "likes": 16.0}, {"user": "WeeRobbo_12", "address": "Hong Kong, China", "reviews": 10, "likes": 6.0}, {"user": "512aartig", "address": "Hong Kong, China", "reviews": 2, "likes": NaN}, {"user": "MuneerH", "address": "Dhaka City, Bangladesh", "reviews": 68, "likes": 57.0}, {"user": "jjangPLDT", "address": NaN, "reviews": 1, "likes": NaN}, {"user": "broy7", "address": "Mississauga", "reviews": 220, "likes": 50.0}, {"user": "ChoyN3", "address": NaN, "reviews": 1, "likes": 3.0}, {"user": "Vonikazou", "address": "Hong Kong, China", "reviews": 10, "likes": 5.0}, {"user": "LoB911", "address": NaN, "reviews": 5, "likes": 5.0}, {"user": "Danny L", "address": NaN, "reviews": 3, "likes": 2.0}, {"user": "sonnyboy11", "address": "Los Angeles", "reviews": 6, "likes": 3.0}, {"user": "Marco S", "address": NaN, "reviews": 2, "likes": NaN}, {"user": "Megan S", "address": NaN, "reviews": 1, "likes": 3.0}, {"user": "scottng15", "address": "Nottingham", "reviews": 173, "likes": 89.0}, {"user": "tlk2019", "address": "Hong Kong, China", "reviews": 1, "likes": NaN}, {"user": "Cupcake_8932", "address": "Hong Kong, China", "reviews": 4, "likes": 1.0}, {"user": "Effie2019", "address": NaN, "reviews": 5, "likes": 1.0}, {"user": "michellelalam", "address": NaN, "reviews": 2, "likes": NaN}, {"user": "ChicagoFamily60614", "address": "Chicago, Illinois", "reviews": 21, "likes": 14.0}, {"user": "zubux", "address": "Franklin, Tennessee", "reviews": 51, "likes": 6.0}, {"user": "IndonesianDream", "address": "Jakarta, Indonesia", "reviews": 26, "likes": 2.0}, {"user": "Celio K", "address": "Hod Hasharon, Israel", "reviews": 34, "likes": 15.0}, {"user": "vtc950", "address": "Hong Kong, China", "reviews": 99, "likes": 23.0}, {"user": "jackjones71277", "address": "Hong Kong, China", "reviews": 2, "likes": NaN}, {"user": "TorbenA956", "address": "Hellerup, Denmark", "reviews": 215, "likes": 104.0}, {"user": "ausdolly2014", "address": "Perth, Australia", "reviews": 37, "likes": 11.0}, {"user": "TravelsinTranslation", "address": "Chicago, Illinois", "reviews": 53, "likes": 37.0}, {"user": "redmini7", "address": "Hong Kong, China", "reviews": 55, "likes": 20.0}, {"user": "pondie68", "address": "Richmond, United Kingdom", "reviews": 29, "likes": 20.0}, {"user": "GrahamL-S", "address": "Bath, United Kingdom", "reviews": 477, "likes": 160.0}, {"user": "Rosscodad", "address": "Northamptonshire, United Kingdom", "reviews": 67, "likes": 15.0}, {"user": "Sandie02", "address": "Shenzhen, China", "reviews": 237, "likes": 97.0}, {"user": "Greg Q", "address": NaN, "reviews": 35, "likes": 9.0}, {"user": "NeilPurdy", "address": "Dublin, Ireland", "reviews": 8, "likes": 11.0}, {"user": "mysticpenguin", "address": "Belgium", "reviews": 3, "likes": 1.0}, {"user": "silvak2013", "address": NaN, "reviews": 28, "likes": 19.0}, {"user": "TranFamilyNorway", "address": "Oslo, Norway", "reviews": 379, "likes": 229.0}, {"user": "daddywarbucks1", "address": NaN, "reviews": 16, "likes": 20.0}, {"user": "zzhuizi92", "address": "Singapore, Singapore", "reviews": 7, "likes": 2.0}, {"user": "sarahmc69", "address": "London, United Kingdom", "reviews": 84, "likes": 21.0}, {"user": "Gordo", "address": "Elmhurst, Illinois", "reviews": 199, "likes": 172.0}, {"user": "skidogs", "address": "Arizona", "reviews": 37, "likes": 5.0}, {"user": "jensman58", "address": "Cologne", "reviews": 28, "likes": 25.0}, {"user": "Selma2014", "address": "Sousse, Tunisia", "reviews": 5, "likes": 4.0}, {"user": "snowee b", "address": "manila", "reviews": 31, "likes": 23.0}, {"user": "Taglio87", "address": "Sardinia, Italy", "reviews": 22, "likes": 20.0}, {"user": "sampetrus24", "address": "Hong Kong, China", "reviews": 7, "likes": 2.0}, {"user": "ChrisCarter1978", "address": "Boston, Massachusetts", "reviews": 27, "likes": 12.0}, {"user": "kaytaro", "address": "osaka", "reviews": 95, "likes": 86.0}, {"user": "S4213YDkevinc", "address": "Guangzhou, China", "reviews": 11, "likes": 2.0}, {"user": "Tongil", "address": "Sydney", "reviews": 37, "likes": 31.0}, {"user": "DannyB70", "address": "England, United Kingdom", "reviews": 469, "likes": 280.0}, {"user": "631Vinnie75", "address": "Long Island, New York", "reviews": 9, "likes": NaN}, {"user": "mc_nac", "address": "Woluwe-Saint-Lambert, Belgium", "reviews": 99, "likes": 47.0}, {"user": "tmp025", "address": "Manchester, United Kingdom", "reviews": 58, "likes": 33.0}, {"user": "Cat122011", "address": "Hamburg, Germany", "reviews": 170, "likes": 52.0}, {"user": "Reisefuchs61", "address": "Heinsberg, Germany", "reviews": 96, "likes": 18.0}, {"user": "695maxm", "address": "Hong Kong, China", "reviews": 5, "likes": 4.0}, {"user": "Umberto M", "address": "Reggio Emilia, Italy", "reviews": 28, "likes": 31.0}, {"user": "jonasr727", "address": "Zurich, Switzerland", "reviews": 92, "likes": 35.0}, {"user": "simonf815", "address": "Hong Kong, China", "reviews": 4, "likes": NaN}, {"user": "Richansa", "address": "Wallingford, United Kingdom", "reviews": 14, "likes": 12.0}, {"user": "Brittaperry", "address": "Singapore, Singapore", "reviews": 8, "likes": 3.0}, {"user": "BJRACT", "address": "Washington DC, District of Columbia", "reviews": 270, "likes": 186.0}]