[{"body": "Visited Capo with a business colleague.  Due to shipping issues, none of the Italian beer was available.  The wine was affordably priced; that being said, it was only available by the bottle.  Not that kind of evening.  Started with the Bruschetta.  The toppings were fresh...More", "date": "January 15, 2018", "url": "https://www.tripadvisor.com/Restaurant_Review-g294217-d10089430-Reviews-Capo-Hong_Kong.html", "user": "bobwK5197LB", "rating": 3.0, "id_outlet": "https://www.tripadvisor.com/Restaurant_Review-g294217-d10089430-Reviews-Capo-Hong_Kong.html", "traveler_type": "Business"}, {"body": "Food was nice but overpriced. Service could be better but it wasn't terrible. You won't have a bad time here but if you're looking for value for money, maybe skip this place. :)", "date": "January 27, 2017", "url": "https://www.tripadvisor.com/Restaurant_Review-g294217-d788642-Reviews-The_Peak_Lookout-Hong_Kong.html", "user": "Brittaperry", "rating": 3.0, "id_outlet": "https://www.tripadvisor.com/Restaurant_Review-g294217-d788642-Reviews-The_Peak_Lookout-Hong_Kong.html", "traveler_type": "Family"}, {"body": "I have luck to have lunch on April 8th with friendly and professional service were provided by Francesco (manager of Tosca) & Ms. Erica, they gave good introduction of food and communicated with client more comfortable!\nRegarding to the food served as fine dining by...More", "date": "April 9, 2016", "url": "https://www.tripadvisor.com/Restaurant_Review-g294217-d2161545-Reviews-Tosca_di_Angelo-Hong_Kong.html", "user": "clementc516", "rating": 5.0, "id_outlet": "https://www.tripadvisor.com/Restaurant_Review-g294217-d2161545-Reviews-Tosca_di_Angelo-Hong_Kong.html", "traveler_type": "Friends"}, {"body": "First the empanadas were a good starter. The rump steak was made the way I like it and asked for. The service was friendly and professional. Nice casual atmosphere.", "date": "July 17, 2013", "url": "https://www.tripadvisor.com/Restaurant_Review-g294217-d2433070-Reviews-Tango_Argentinian_Steak_House-Hong_Kong.html", "user": "Celio K", "rating": 4.0, "id_outlet": "https://www.tripadvisor.com/Restaurant_Review-g294217-d2433070-Reviews-Tango_Argentinian_Steak_House-Hong_Kong.html", "traveler_type": "Business"}, {"body": "The food this restaurant serves are fantastic, always fresh, well-cooked and taste soooooo good. It also provides quite a lot choices for us to choose from, food ,wine and desserts:) The staff there they are wonderful, always being soooooo nice to us, warm smiles and...More", "date": "April 15, 2019", "url": "https://www.tripadvisor.com/Restaurant_Review-g294217-d1880782-Reviews-Carpaccio_Pasta_Pizza_Vino-Hong_Kong.html", "user": "tlk2019", "rating": 5.0, "id_outlet": "https://www.tripadvisor.com/Restaurant_Review-g294217-d1880782-Reviews-Carpaccio_Pasta_Pizza_Vino-Hong_Kong.html", "traveler_type": "Friends"}, {"body": "Nice service and good environment!!!\nLove the amazing food and enjoy the high quality service!!!!!!Highly recommend!!!!!!!!More", "date": "October 17, 2016", "url": "https://www.tripadvisor.com/Restaurant_Review-g294217-d2399904-Reviews-Tin_Lung_Heen-Hong_Kong.html", "user": "ChoyN3", "rating": 5.0, "id_outlet": "https://www.tripadvisor.com/Restaurant_Review-g294217-d2399904-Reviews-Tin_Lung_Heen-Hong_Kong.html", "traveler_type": "Friends"}, {"body": "During a recent stay at the hotel, we stopped in for a drink at Ozone before dinner at Tosca.  Not sure what the fuss is all about, I found the decor to be cheezy, the music cheezier and the crowd w/sticks of Velveeta oozing out...More", "date": "January 10, 2018", "url": "https://www.tripadvisor.com/Restaurant_Review-g294217-d2198231-Reviews-OZONE-Hong_Kong.html", "user": "Joseph-in-NYC", "rating": 1.0, "id_outlet": "https://www.tripadvisor.com/Restaurant_Review-g294217-d2198231-Reviews-OZONE-Hong_Kong.html", "traveler_type": "Couples"}, {"body": "I've been hearing about this place non-stop from food blogs and friends so I finally had a chance to check it out and the verdict? So so. The decor was beautiful and the service was top notch. The bathroom decor is my second favorite in...More", "date": "January 5, 2015", "url": "https://www.tripadvisor.com/Restaurant_Review-g294217-d6579151-Reviews-Mott_32-Hong_Kong.html", "user": "rkim511", "rating": 4.0, "id_outlet": "https://www.tripadvisor.com/Restaurant_Review-g294217-d6579151-Reviews-Mott_32-Hong_Kong.html", "traveler_type": "Friends"}, {"body": "\u041f\u0440\u0438\u044f\u0442\u043d\u044b\u0439 \u0440\u0435\u0441\u0442\u043e\u0440\u0430\u043d \u0441 \u043a\u0440\u0430\u0441\u0438\u0432\u044b\u043c \u0432\u0438\u0434\u043e\u043c. \u041e\u0441\u0432\u0435\u0449\u0435\u043d\u0438\u0435 \u0442\u0435\u043c\u043d\u043e\u0435, \u0432\u0438\u0434\u0438\u043c\u043e, \u0447\u0442\u043e\u0431\u044b \u0432\u0435\u0441\u044c \u0432\u0437\u0433\u043b\u044f\u0434 \u0431\u044b\u043b \u043d\u0430 \u0437\u0430\u043b\u0438\u0432. \u0418\u0437-\u0437\u0430 \u0440\u0430\u0441\u043f\u043e\u043b\u043e\u0436\u0435\u043d\u0438\u044f \u0442\u0440\u0435\u0445 \u0440\u0435\u0441\u0442\u043e\u0440\u0430\u043d\u043e\u0432 \u0434\u043e\u0441\u0442\u0430\u0442\u043e\u0447\u043d\u043e \u0448\u0443\u043c\u043d\u043e....More", "date": "February 7, 2016", "url": "https://www.tripadvisor.com/Restaurant_Review-g294217-d1024986-Reviews-NOBU_InterContinental_Hong_Kong-Hong_Kong.html", "user": "Anastasia9992015", "rating": 5.0, "id_outlet": "https://www.tripadvisor.com/Restaurant_Review-g294217-d1024986-Reviews-NOBU_InterContinental_Hong_Kong-Hong_Kong.html", "traveler_type": "Family"}, {"body": "Best brunch on hk. Savage service,  full bellies and hot livers guaranteed. Would come here if I didn't gain 5kgs per visit", "date": "August 27, 2016", "url": "https://www.tripadvisor.com/Restaurant_Review-g294217-d7808139-Reviews-Braza_Churrascaria_Brazilian_Steakhouse-Hong_Kong.html", "user": "Colm O", "rating": 5.0, "id_outlet": "https://www.tripadvisor.com/Restaurant_Review-g294217-d7808139-Reviews-Braza_Churrascaria_Brazilian_Steakhouse-Hong_Kong.html", "traveler_type": "Friends"}, {"body": "Delicious tapas with a wide variety of flavours. Found it a bit over crowded and staff will tell you where to sit.", "date": "April 20, 2016", "url": "https://www.tripadvisor.com/Restaurant_Review-g294217-d3602180-Reviews-22_Ships-Hong_Kong.html", "user": "S4213YDkevinc", "rating": 4.0, "id_outlet": "https://www.tripadvisor.com/Restaurant_Review-g294217-d3602180-Reviews-22_Ships-Hong_Kong.html", "traveler_type": "Couples"}, {"body": "Best steaks in HK, maybe in Asia. If you love steak then this is the place. They take their beef seriously.  You can see what\u2019s available. Order you exact piece. Chat w the chef. He can tell u about each cut. They always some crazy...More", "date": "March 10, 2019", "url": "https://www.tripadvisor.com/Restaurant_Review-g294217-d2276403-Reviews-Bistecca_Italian_Steak_House-Hong_Kong.html", "user": "ken_stearns", "rating": 5.0, "id_outlet": "https://www.tripadvisor.com/Restaurant_Review-g294217-d2276403-Reviews-Bistecca_Italian_Steak_House-Hong_Kong.html", "traveler_type": "Solo"}, {"body": "Expensive but worth a look.  Dress smart casual.  Can order food.  Arrive early for a seat for the great view", "date": "September 14, 2015", "url": "https://www.tripadvisor.com/Restaurant_Review-g294217-d2198231-Reviews-OZONE-Hong_Kong.html", "user": "ausdolly2014", "rating": 5.0, "id_outlet": "https://www.tripadvisor.com/Restaurant_Review-g294217-d2198231-Reviews-OZONE-Hong_Kong.html", "traveler_type": "Couples"}, {"body": "i was there for lunch on a week day , had a buffet , which had very good selections  and a good spread .$118 per person.More", "date": "May 11, 2016", "url": "https://www.tripadvisor.com/Restaurant_Review-g294217-d799250-Reviews-Bombay_Dreams-Hong_Kong.html", "user": "jackjones71277", "rating": 5.0, "id_outlet": "https://www.tripadvisor.com/Restaurant_Review-g294217-d799250-Reviews-Bombay_Dreams-Hong_Kong.html", "traveler_type": "Friends"}, {"body": "Our group booked a private table for an after-work (business) cocktail reception and were blown away by the views from the 118th floor's windows as well as the outdoor lounge area.  The waitress taking care of our group was wonderful, and drink options were plentiful....More", "date": "May 18, 2014", "url": "https://www.tripadvisor.com/Restaurant_Review-g294217-d2198231-Reviews-OZONE-Hong_Kong.html", "user": "Dan A", "rating": 4.0, "id_outlet": "https://www.tripadvisor.com/Restaurant_Review-g294217-d2198231-Reviews-OZONE-Hong_Kong.html", "traveler_type": "Business"}, {"body": "Just had the best Mid-Autumn Festival dinner with family at Caprice! The food was gorgeous as always, fresh and of fine quality. I was particularly impressed by the professional and thoughtful service there. The staff knows their stuff well and gave us detailed introduction of...More", "date": "September 25, 2018", "url": "https://www.tripadvisor.com/Restaurant_Review-g294217-d912108-Reviews-Caprice_Central-Hong_Kong.html", "user": "Megan S", "rating": 5.0, "id_outlet": "https://www.tripadvisor.com/Restaurant_Review-g294217-d912108-Reviews-Caprice_Central-Hong_Kong.html", "traveler_type": "Family"}, {"body": "We had a great meal with several colleagues.  The food was very tasty and the naan was awesome!  Great service and great food!", "date": "May 11, 2019", "url": "https://www.tripadvisor.com/Restaurant_Review-g294217-d799250-Reviews-Bombay_Dreams-Hong_Kong.html", "user": "zubux", "rating": 5.0, "id_outlet": "https://www.tripadvisor.com/Restaurant_Review-g294217-d799250-Reviews-Bombay_Dreams-Hong_Kong.html", "traveler_type": "Business"}, {"body": "New York ambiance. the food is excellent but seriously overpriced. It is worth to visit though. can be a good spot for a romantic dinner if you wanna go for chinese food", "date": "May 4, 2016", "url": "https://www.tripadvisor.com/Restaurant_Review-g294217-d6579151-Reviews-Mott_32-Hong_Kong.html", "user": "sampetrus24", "rating": 4.0, "id_outlet": "https://www.tripadvisor.com/Restaurant_Review-g294217-d6579151-Reviews-Mott_32-Hong_Kong.html", "traveler_type": "Couples"}, {"body": "Tolle Bar auf dem Dach des Princes Buildings, geniale Location f\u00fcr einen Cocktail mit \u00fcberw\u00e4ltigender Aussicht auf die Wolkenkratzer, den...More", "date": "June 28, 2017", "url": "https://www.tripadvisor.com/Restaurant_Review-g294217-d1052864-Reviews-Sevva-Hong_Kong.html", "user": "Reisefuchs61", "rating": 5.0, "id_outlet": "https://www.tripadvisor.com/Restaurant_Review-g294217-d1052864-Reviews-Sevva-Hong_Kong.html", "traveler_type": "Friends"}, {"body": "Hence the 4. I really did enjoy the food. Shame about the lackluster service. I know I'm in HongKong/ China but a restaurant this refined should have servers that speak impeccable English with confidence. Everyone seemed nervous and contrived. Other than that, I would definitely...More", "date": "September 11, 2017", "url": "https://www.tripadvisor.com/Restaurant_Review-g294217-d6579151-Reviews-Mott_32-Hong_Kong.html", "user": "ChrisCarter1978", "rating": 4.0, "id_outlet": "https://www.tripadvisor.com/Restaurant_Review-g294217-d6579151-Reviews-Mott_32-Hong_Kong.html", "traveler_type": "Business"}, {"body": "First night in HK and we pick One Dim Sum from the huge list of places to eat. There was a queue outside when we arrived but our names were taken and only waited a few minutes. Ordered so much but the best was the...More", "date": "September 16, 2016", "url": "https://www.tripadvisor.com/Restaurant_Review-g294217-d2540306-Reviews-One_Dim_Sum_Chinese_Restaurant-Hong_Kong.html", "user": "NeilPurdy", "rating": 5.0, "id_outlet": "https://www.tripadvisor.com/Restaurant_Review-g294217-d2540306-Reviews-One_Dim_Sum_Chinese_Restaurant-Hong_Kong.html", "traveler_type": "Couples"}, {"body": "We went here to celebrate a big occasion and were looking forward to it so much after hearing great things. We were really disappointed. The main problem was the service. I know it's is a bug-bare of mine but it really annoys me when front...More", "date": "August 18, 2012", "url": "https://www.tripadvisor.com/Restaurant_Review-g294217-d1792423-Reviews-Man_Wah-Hong_Kong.html", "user": "1foodielove", "rating": 3.0, "id_outlet": "https://www.tripadvisor.com/Restaurant_Review-g294217-d1792423-Reviews-Man_Wah-Hong_Kong.html", "traveler_type": "Couples"}, {"body": "Our group of 6 tried this restaurant out on recommendation by 1 friend. The salad buffet was really excellent with many choices and high quality of greens. The mushroom soup was ok. There were also parma ham and a few selection of cold cuts with...More", "date": "May 29, 2016", "url": "https://www.tripadvisor.com/Restaurant_Review-g294217-d2165749-Reviews-AL_MOLO_RISTORANTE_ITALIANO_Michael_White-Hong_Kong.html", "user": "cutiedoggy13", "rating": 4.0, "id_outlet": "https://www.tripadvisor.com/Restaurant_Review-g294217-d2165749-Reviews-AL_MOLO_RISTORANTE_ITALIANO_Michael_White-Hong_Kong.html", "traveler_type": "Friends"}, {"body": "We\u2019ve eaten at other Nobu restaurants in US, London, Bahamas and this one is not nearly as good.  It was quite disappointing because we\u2019ve always enjoyed our Nobu meals but this one let us down.More", "date": "June 21, 2018", "url": "https://www.tripadvisor.com/Restaurant_Review-g294217-d1024986-Reviews-NOBU_InterContinental_Hong_Kong-Hong_Kong.html", "user": "skidogs", "rating": 3.0, "id_outlet": "https://www.tripadvisor.com/Restaurant_Review-g294217-d1024986-Reviews-NOBU_InterContinental_Hong_Kong-Hong_Kong.html", "traveler_type": "Family"}, {"body": "Go early - crowds swell later in the mornings. If it's a good day with less than normal pollution you will get a great view.", "date": "November 11, 2013", "url": "https://www.tripadvisor.com/Restaurant_Review-g294217-d788642-Reviews-The_Peak_Lookout-Hong_Kong.html", "user": "BJRACT", "rating": 4.0, "id_outlet": "https://www.tripadvisor.com/Restaurant_Review-g294217-d788642-Reviews-The_Peak_Lookout-Hong_Kong.html", "traveler_type": "Couples"}, {"body": "This dinner is really good.It\u2019s the greatest restaurant l have ever eaten in Hon Kong.\nEspecially the services,Kath and Eric did a really great job! I would visit here for many times!", "date": "June 9, 2019", "url": "https://www.tripadvisor.com/Restaurant_Review-g294217-d8353573-Reviews-Scarlett_Cafe_Wine_Bar-Hong_Kong.html", "user": "Dreamer726639", "rating": 5.0, "id_outlet": "https://www.tripadvisor.com/Restaurant_Review-g294217-d8353573-Reviews-Scarlett_Cafe_Wine_Bar-Hong_Kong.html", "traveler_type": "Family"}, {"body": "The InterContinental Lobby's two story glass vista on Victoria Harbor merits a leisurely lunch and time to fully drink it in.  From the extensive wine list to the gracious list of nibbles, this is a consistent crowd-pleasing location.", "date": "April 26, 2014", "url": "https://www.tripadvisor.com/Restaurant_Review-g294217-d1482758-Reviews-Lobby_Lounge_InterContinental_Hong_Kong-Hong_Kong.html", "user": "ChicagoFamily60614", "rating": 5.0, "id_outlet": "https://www.tripadvisor.com/Restaurant_Review-g294217-d1482758-Reviews-Lobby_Lounge_InterContinental_Hong_Kong-Hong_Kong.html", "traveler_type": "Family"}, {"body": "We had the good fortune to stay at the Hotel Icon during our stay in Hong Kong, and we really enjoyed eating at Above and Beyond for breakfast and dinner.  Great food, with absolutely wonderful service.More", "date": "January 7, 2017", "url": "https://www.tripadvisor.com/Restaurant_Review-g294217-d2390123-Reviews-Above_and_Beyond-Hong_Kong.html", "user": "Gordo", "rating": 5.0, "id_outlet": "https://www.tripadvisor.com/Restaurant_Review-g294217-d2390123-Reviews-Above_and_Beyond-Hong_Kong.html", "traveler_type": "Couples"}, {"body": "Tha dinner is very comfortable and my family really enjoy it....\nExcellent service by the team, the manager Stephen, Ryan, Sofia, Joe and Kelvin....they all worked in details, not much disturbing and served you with unnoticeable...\nNothing to say and be sure will be back...More", "date": "November 5, 2018", "url": "https://www.tripadvisor.com/Restaurant_Review-g294217-d927163-Reviews-Yan_Toh_Heen_InterContinental_Hong_Kong-Hong_Kong.html", "user": "Danny L", "rating": 5.0, "id_outlet": "https://www.tripadvisor.com/Restaurant_Review-g294217-d927163-Reviews-Yan_Toh_Heen_InterContinental_Hong_Kong-Hong_Kong.html", "traveler_type": "Family"}, {"body": "We decided to book a table for our last night. We shouldn't have bothered. Dirty tables, terrible service and to be honest there were better views back at our hotel (Harbour Grand). Save yourself sons money and go somewhere else!!!!", "date": "October 20, 2016", "url": "https://www.tripadvisor.com/Restaurant_Review-g294217-d2198231-Reviews-OZONE-Hong_Kong.html", "user": "pondie68", "rating": 1.0, "id_outlet": "https://www.tripadvisor.com/Restaurant_Review-g294217-d2198231-Reviews-OZONE-Hong_Kong.html", "traveler_type": "Friends"}, {"body": "If you feel like going carnivorous you must try this place. In picture is a 400 gram ribeye. Tender and Delicious!!\n\nThe ambiance and service is great. I'd love to go there again someday.", "date": "September 10, 2016", "url": "https://www.tripadvisor.com/Restaurant_Review-g294217-d2433070-Reviews-Tango_Argentinian_Steak_House-Hong_Kong.html", "user": "IndonesianDream", "rating": 5.0, "id_outlet": "https://www.tripadvisor.com/Restaurant_Review-g294217-d2433070-Reviews-Tango_Argentinian_Steak_House-Hong_Kong.html", "traveler_type": "Business"}, {"body": "Had a great dinner with friends. Food was amazing really anything from starters to dessert tasted great. Service was very friendly and attentive. To top it all off they have the best coffee (Segafredo) in HK. \nDefiantly a place to check out when in the...More", "date": "February 3, 2018", "url": "https://www.tripadvisor.com/Restaurant_Review-g294217-d1880782-Reviews-Carpaccio_Pasta_Pizza_Vino-Hong_Kong.html", "user": "Cupcake_8932", "rating": 5.0, "id_outlet": "https://www.tripadvisor.com/Restaurant_Review-g294217-d1880782-Reviews-Carpaccio_Pasta_Pizza_Vino-Hong_Kong.html", "traveler_type": "Friends"}, {"body": "located on the top of the Ritz Carlton HK. The crowd was mixed with tourists and locals. Drinks were very good and uniquely presented.More", "date": "March 2, 2017", "url": "https://www.tripadvisor.com/Restaurant_Review-g294217-d2198231-Reviews-OZONE-Hong_Kong.html", "user": "Josephb8585", "rating": 4.0, "id_outlet": "https://www.tripadvisor.com/Restaurant_Review-g294217-d2198231-Reviews-OZONE-Hong_Kong.html", "traveler_type": "Business"}, {"body": "Restaurant is easy to find and close to the train station.  The food was excellent and we loved everything we tried.  Even our baby loved the food!   Service was fantastic, host was very gracious, and they were quick to assist.  Will definitely go there on...More", "date": "April 30, 2013", "url": "https://www.tripadvisor.com/Restaurant_Review-g294217-d2706744-Reviews-Din_Tai_Fung_Yee_Wo_Branch-Hong_Kong.html", "user": "daddywarbucks1", "rating": 5.0, "id_outlet": "https://www.tripadvisor.com/Restaurant_Review-g294217-d2706744-Reviews-Din_Tai_Fung_Yee_Wo_Branch-Hong_Kong.html", "traveler_type": "Family"}, {"body": "Taste is similar to branches in Singapore. Soup dumplings, aka \u5c0f\u7b3c\u5305, actually taste better in Singapore, and we were quite disappointed that \u87f9\u9ec4\u5c0f\u7b3c\u5305 was not served that day. To be fair, \u725b\u8089\u9762 tasted better in Hong Kong though.", "date": "May 16, 2017", "url": "https://www.tripadvisor.com/Restaurant_Review-g294217-d2706744-Reviews-Din_Tai_Fung_Yee_Wo_Branch-Hong_Kong.html", "user": "zzhuizi92", "rating": 4.0, "id_outlet": "https://www.tripadvisor.com/Restaurant_Review-g294217-d2706744-Reviews-Din_Tai_Fung_Yee_Wo_Branch-Hong_Kong.html", "traveler_type": "Couples"}, {"body": "Great place to celebrate an important birthday. Excellent food. Great atmosphere,  friendly staff . Best signature dish : apple wood pecking duck. \nJust one remark, I have been asked during my reservation if this was a special occasion, and I have highlighted that was a...More", "date": "June 6, 2017", "url": "https://www.tripadvisor.com/Restaurant_Review-g294217-d6579151-Reviews-Mott_32-Hong_Kong.html", "user": "Taglio87", "rating": 4.0, "id_outlet": "https://www.tripadvisor.com/Restaurant_Review-g294217-d6579151-Reviews-Mott_32-Hong_Kong.html", "traveler_type": "Family"}, {"body": "Went as a group of 8 and had an excellent Sunday Lunch buffet. The food is excellent, fresh shellfish, roast meats, lovely salad bar. \nProbably best value meal we had in HK in our 5 days there. Especially when you have the unlimited beer or...More", "date": "January 9, 2018", "url": "https://www.tripadvisor.com/Restaurant_Review-g294217-d2514791-Reviews-The_Market-Hong_Kong.html", "user": "mikemoulds", "rating": 5.0, "id_outlet": "https://www.tripadvisor.com/Restaurant_Review-g294217-d2514791-Reviews-The_Market-Hong_Kong.html", "traveler_type": "Friends"}, {"body": "Sehr leckere Sushi, auch die Suppen sind k\u00f6stlich. Der Service ist sehr nett und zuvorkommend. Wir waren am letzen Tag...More", "date": "March 30, 2016", "url": "https://www.tripadvisor.com/Restaurant_Review-g294217-d1024986-Reviews-NOBU_InterContinental_Hong_Kong-Hong_Kong.html", "user": "jensman58", "rating": 4.0, "id_outlet": "https://www.tripadvisor.com/Restaurant_Review-g294217-d1024986-Reviews-NOBU_InterContinental_Hong_Kong-Hong_Kong.html", "traveler_type": "Couples"}, {"body": "Most amazing dim sum we had in our two nights in Hong kong.  The food was of the highest quality for the lowest price.. this is our new favorite restaurant.  Allow time in your budget to wait for a table.  They will give you a...More", "date": "November 8, 2016", "url": "https://www.tripadvisor.com/Restaurant_Review-g294217-d2540306-Reviews-One_Dim_Sum_Chinese_Restaurant-Hong_Kong.html", "user": "Sandie02", "rating": 5.0, "id_outlet": "https://www.tripadvisor.com/Restaurant_Review-g294217-d2540306-Reviews-One_Dim_Sum_Chinese_Restaurant-Hong_Kong.html", "traveler_type": "Family"}, {"body": "Awesome food. Look for Dave, best ever!\nGood service!\n\nAmbiance is also nice. Definitely we will.come back!", "date": "February 20, 2019", "url": "https://www.tripadvisor.com/Restaurant_Review-g294217-d2276403-Reviews-Bistecca_Italian_Steak_House-Hong_Kong.html", "user": "jjangPLDT", "rating": 5.0, "id_outlet": "https://www.tripadvisor.com/Restaurant_Review-g294217-d2276403-Reviews-Bistecca_Italian_Steak_House-Hong_Kong.html", "traveler_type": "Friends"}, {"body": "I went to this place with my friend last night  and we had the best time at dinner. Food was delicious with a good value and i only wish we could have had room for dessert. Our server Calvin was very friendly, attentive and knowledgeable....More", "date": "March 15, 2018", "url": "https://www.tripadvisor.com/Restaurant_Review-g294217-d2276403-Reviews-Bistecca_Italian_Steak_House-Hong_Kong.html", "user": "512aartig", "rating": 4.0, "id_outlet": "https://www.tripadvisor.com/Restaurant_Review-g294217-d2276403-Reviews-Bistecca_Italian_Steak_House-Hong_Kong.html", "traveler_type": "Couples"}, {"body": "We stopped off at Delaney's for a few afternoon drinks and were happy we did.\n\nThe drinks were cold and refreshing, the service was friendly and the location was great..\n\nRecommended!", "date": "April 17, 2016", "url": "https://www.tripadvisor.com/Restaurant_Review-g294217-d1952785-Reviews-Delaney_s_Kowloon_Irish_Bar-Hong_Kong.html", "user": "DannyB70", "rating": 4.0, "id_outlet": "https://www.tripadvisor.com/Restaurant_Review-g294217-d1952785-Reviews-Delaney_s_Kowloon_Irish_Bar-Hong_Kong.html", "traveler_type": "Couples"}, {"body": "When we planned to have our first dinner gathering in the year of DOG, the first one come to our mind is Man Wah Restaurant at Mandarin Oriental Hotel. So we have a table booked for 10 people to celebrate this meaningful evening. All the...More", "date": "February 20, 2018", "url": "https://www.tripadvisor.com/Restaurant_Review-g294217-d1792423-Reviews-Man_Wah-Hong_Kong.html", "user": "Wendy N", "rating": 5.0, "id_outlet": "https://www.tripadvisor.com/Restaurant_Review-g294217-d1792423-Reviews-Man_Wah-Hong_Kong.html", "traveler_type": "Friends"}, {"body": "We were very impressed with superior customer service especially Jessica Tsang. We enjoyed the high tea and view.More", "date": "March 26, 2017", "url": "https://www.tripadvisor.com/Restaurant_Review-g294217-d3600498-Reviews-Cafe_103-Hong_Kong.html", "user": "samcH7426AP", "rating": 5.0, "id_outlet": "https://www.tripadvisor.com/Restaurant_Review-g294217-d3600498-Reviews-Cafe_103-Hong_Kong.html", "traveler_type": "Couples"}, {"body": "Very good food with excellent service. Reserved a Peking Duck in advance. It was good. Felt like the standouts though were Bird\u2019s Nest soup and an amazing mushroom appetizer. Great view of the harbor too. Recommended.More", "date": "November 23, 2017", "url": "https://www.tripadvisor.com/Restaurant_Review-g294217-d927163-Reviews-Yan_Toh_Heen_InterContinental_Hong_Kong-Hong_Kong.html", "user": "sonnyboy11", "rating": 5.0, "id_outlet": "https://www.tripadvisor.com/Restaurant_Review-g294217-d927163-Reviews-Yan_Toh_Heen_InterContinental_Hong_Kong-Hong_Kong.html", "traveler_type": "Couples"}, {"body": "Perenially popular location, no booking, turn up, queue (not for long) and take a seat. Great buzz, good quality quickly served food. What more do you need?", "date": "November 23, 2014", "url": "https://www.tripadvisor.com/Restaurant_Review-g294217-d2706744-Reviews-Din_Tai_Fung_Yee_Wo_Branch-Hong_Kong.html", "user": "GrahamL-S", "rating": 4.0, "id_outlet": "https://www.tripadvisor.com/Restaurant_Review-g294217-d2706744-Reviews-Din_Tai_Fung_Yee_Wo_Branch-Hong_Kong.html", "traveler_type": "Family"}, {"body": "I had seen many great reviews and also saw that it had Michelin stars, so I had to go and try!\nThe dining experience was amazing and unique! Especially with the French fusion with Asian cuisine.\nWould love to visit again...along with family and friends!", "date": "June 24, 2016", "url": "https://www.tripadvisor.com/Restaurant_Review-g294217-d939504-Reviews-Amber-Hong_Kong.html", "user": "LoB911", "rating": 4.0, "id_outlet": "https://www.tripadvisor.com/Restaurant_Review-g294217-d939504-Reviews-Amber-Hong_Kong.html", "traveler_type": "Solo"}, {"body": "After 3 days in Hong Kong i need a different dinner and reading trip Advisor opinions i found this lovely place runned by 2 french guys. Great cheese selection\nReally professional and we had really good time.", "date": "March 5, 2019", "url": "https://www.tripadvisor.com/Restaurant_Review-g294217-d8353573-Reviews-Scarlett_Cafe_Wine_Bar-Hong_Kong.html", "user": "stefanobY1151RR", "rating": 4.0, "id_outlet": "https://www.tripadvisor.com/Restaurant_Review-g294217-d8353573-Reviews-Scarlett_Cafe_Wine_Bar-Hong_Kong.html", "traveler_type": "Business"}, {"body": "I Loved  the chinaware and the risk taken in every dish that were presented at our table.\nI would have loved to meet the chef but sadly he never came out.\nThe service was very attentive and friendly.\nThe Sommelier howerer didn't shared his passion...More", "date": "June 1, 2017", "url": "https://www.tripadvisor.com/Restaurant_Review-g294217-d939504-Reviews-Amber-Hong_Kong.html", "user": "Vonikazou", "rating": 4.0, "id_outlet": "https://www.tripadvisor.com/Restaurant_Review-g294217-d939504-Reviews-Amber-Hong_Kong.html", "traveler_type": "Couples"}, {"body": "\uc57c\uc678\ubc14\uc5d0\uc11c \ubc14\ub77c\ubcf4\ub294 \uc57c\uacbd\uc774 \ucd5c\uace0\uc785\ub2c8\ub2e4...More", "date": "July 27, 2016", "url": "https://www.tripadvisor.com/Restaurant_Review-g294217-d1052864-Reviews-Sevva-Hong_Kong.html", "user": "hyunkkk", "rating": 5.0, "id_outlet": "https://www.tripadvisor.com/Restaurant_Review-g294217-d1052864-Reviews-Sevva-Hong_Kong.html", "traveler_type": "Friends"}, {"body": "I took my son here for his birthday. Though he's only a teenager the waiters looked after him extremely well. The food was excellent, the view exceptional, and I love all the little details that were remembered by the staff and that extra bit of...More", "date": "June 8, 2018", "url": "https://www.tripadvisor.com/Restaurant_Review-g294217-d2161545-Reviews-Tosca_di_Angelo-Hong_Kong.html", "user": "Antony S", "rating": 5.0, "id_outlet": "https://www.tripadvisor.com/Restaurant_Review-g294217-d2161545-Reviews-Tosca_di_Angelo-Hong_Kong.html", "traveler_type": "Family"}, {"body": "\u0417\u0430 \u0433\u0438\u043d\u0435\u0441\u0441\u043e\u043c, \u043a\u0438\u043b\u043a\u0435\u043d\u0438, \u043a\u0430\u0440\u0442\u043e\u0444\u0435\u043b\u044c\u043d\u044b\u043c \u043f\u044e\u0440\u0435, \u043c\u043e\u0440\u043a\u043e\u0432\u043a\u043e\u0439 \u0438 \u0442\u0443\u0448\u0435\u043d\u043e\u0439 \u0431\u0430\u0440\u0430\u043d\u0438\u043d\u043e\u0439 \u0441\u044e\u0434\u0430. \u041e\u0431\u0441\u043b\u0443\u0436\u0438\u0432\u0430\u043d\u0438\u0435 \u0434\u0440\u0443\u0436\u0435\u043b\u044e\u0431\u043d\u043e\u0435, \u043f\u0443\u0431\u043b\u0438\u043a\u0430 \u0432\u044b\u043f\u0438\u0432\u0430\u044e\u0449\u0430\u044f. \u0422\u0438\u043f\u0438\u0447\u043d\u044b\u0439 \u0438\u0440\u043b\u0430\u043d\u0434\u0441\u043a\u0438\u0439 \u043f\u0430\u0431.  \u041a \u0441\u043e\u0436\u0430\u043b\u0435\u043d\u0438\u044e \u043d\u0438\u0447\u0435\u0433\u043e...More", "date": "January 7, 2015", "url": "https://www.tripadvisor.com/Restaurant_Review-g294217-d1952785-Reviews-Delaney_s_Kowloon_Irish_Bar-Hong_Kong.html", "user": "mc_nac", "rating": 4.0, "id_outlet": "https://www.tripadvisor.com/Restaurant_Review-g294217-d1952785-Reviews-Delaney_s_Kowloon_Irish_Bar-Hong_Kong.html", "traveler_type": "Friends"}, {"body": "Din Tai Fung is hyped and chaotic. Always people waiting and staff too stressed to give you a decent and good service. We were a party of 8 and ordered lots of food. Waiters were so stressed that they did not smile nor present the...More", "date": "February 21, 2015", "url": "https://www.tripadvisor.com/Restaurant_Review-g294217-d2706744-Reviews-Din_Tai_Fung_Yee_Wo_Branch-Hong_Kong.html", "user": "TranFamilyNorway", "rating": 3.0, "id_outlet": "https://www.tripadvisor.com/Restaurant_Review-g294217-d2706744-Reviews-Din_Tai_Fung_Yee_Wo_Branch-Hong_Kong.html", "traveler_type": "Family"}, {"body": "Forgot when they started the weekday dinner promotion. \n\nI have been here for drinks and afternoon tea more than 10 times. It is really popular place and to ensure a table please book in advance. \n\nAbout the weekday dinner, unlimited side dish with 1 main...More", "date": "June 8, 2017", "url": "https://www.tripadvisor.com/Restaurant_Review-g294217-d2166297-Reviews-The_Lounge_Bar-Hong_Kong.html", "user": "114sandyr", "rating": 5.0, "id_outlet": "https://www.tripadvisor.com/Restaurant_Review-g294217-d2166297-Reviews-The_Lounge_Bar-Hong_Kong.html", "traveler_type": "Couples"}, {"body": "\u9999\u6e2f\u3067\u3001\u9999\u6e2f\u3092\u611f\u3058\u306a\u3044\u30ec\u30b9\u30c8\u30e9\u30f3\u3002\u30ed\u30f3\u30c9\u30f3\u306e\u30cf\u30c3\u30ab\u30b5\u30f3\u3092\u601d\u3044\u51fa\u3059\u7a7a\u9593\u3067\u3057\u305f\u3002\u6599\u7406\u306f\u3069\u308c\u3082\u7d0d\u5f97\u306e\u304a\u5473\u3002\u4e88\u7d04\u6642\u306b\u30aa\u30fc\u30d7\u30f3\u30ad\u30c3...More", "date": "December 21, 2017", "url": "https://www.tripadvisor.com/Restaurant_Review-g294217-d6579151-Reviews-Mott_32-Hong_Kong.html", "user": "kaytaro", "rating": 5.0, "id_outlet": "https://www.tripadvisor.com/Restaurant_Review-g294217-d6579151-Reviews-Mott_32-Hong_Kong.html", "traveler_type": "Friends"}, {"body": "From start right until finish, from the entrance, to the music to the view to the service- absolutely stunning.\n\nYet again another night out with my boyfriend, our evening started by being seated right in the middle of the restaurant, after a request to move...More", "date": "May 14, 2014", "url": "https://www.tripadvisor.com/Restaurant_Review-g294217-d786786-Reviews-Isola_Bar_Grill-Hong_Kong.html", "user": "695maxm", "rating": 4.0, "id_outlet": "https://www.tripadvisor.com/Restaurant_Review-g294217-d786786-Reviews-Isola_Bar_Grill-Hong_Kong.html", "traveler_type": "Couples"}, {"body": "Mucho pijerio. Se ve la ciudad iluminada, al lado del Bank of China. Ideal para unas copas y ver el...More", "date": "May 18, 2012", "url": "https://www.tripadvisor.com/Restaurant_Review-g294217-d1052864-Reviews-Sevva-Hong_Kong.html", "user": "Cat122011", "rating": 5.0, "id_outlet": "https://www.tripadvisor.com/Restaurant_Review-g294217-d1052864-Reviews-Sevva-Hong_Kong.html", "traveler_type": "Couples"}, {"body": "My first time to try different dim sum and it was a great experience. When we got there, there is already a long line of people despite of the rain. \n\nWaiting time is reasonable as people there is eat and go. Price is good value...More", "date": "October 19, 2017", "url": "https://www.tripadvisor.com/Restaurant_Review-g294217-d2540306-Reviews-One_Dim_Sum_Chinese_Restaurant-Hong_Kong.html", "user": "silvak2013", "rating": 5.0, "id_outlet": "https://www.tripadvisor.com/Restaurant_Review-g294217-d2540306-Reviews-One_Dim_Sum_Chinese_Restaurant-Hong_Kong.html", "traveler_type": "Friends"}, {"body": "They offer 3 types of oysters and are very fresh.  There are lobsters, crabs, prawns and abalones.  The cooked dishes, both Western and Asian, are also delicious.  \nWhat impressed me most is the service.  The staff always manage to smile!  They are very professional, friendly...More", "date": "July 19, 2019", "url": "https://www.tripadvisor.com/Restaurant_Review-g294217-d1027723-Reviews-Clipper_Lounge-Hong_Kong.html", "user": "Effie2019", "rating": 5.0, "id_outlet": "https://www.tripadvisor.com/Restaurant_Review-g294217-d1027723-Reviews-Clipper_Lounge-Hong_Kong.html", "traveler_type": "Family"}, {"body": "WORSt  food in hong kong,  very awful and unpleasent waiters, very very expensive, very expensive for nothing....don't go there it's a swindle...it was my worst experience in hong kong....", "date": "January 9, 2014", "url": "https://www.tripadvisor.com/Restaurant_Review-g294217-d1052864-Reviews-Sevva-Hong_Kong.html", "user": "Selma2014", "rating": 1.0, "id_outlet": "https://www.tripadvisor.com/Restaurant_Review-g294217-d1052864-Reviews-Sevva-Hong_Kong.html", "traveler_type": "Business"}, {"body": "The Peak ist ein Restaurant mit mediteraner Einrichtung und gleicht einer Finca in Spanien. Gutes Essen ausgesuchte aber teure Weine....More", "date": "October 9, 2015", "url": "https://www.tripadvisor.com/Restaurant_Review-g294217-d788642-Reviews-The_Peak_Lookout-Hong_Kong.html", "user": "Marco S", "rating": 4.0, "id_outlet": "https://www.tripadvisor.com/Restaurant_Review-g294217-d788642-Reviews-The_Peak_Lookout-Hong_Kong.html", "traveler_type": "Friends"}, {"body": "\u9019\u6b21\u7684\u76ee\u7684\u662f\u70ba\u4e86\u4e00\u5690\u4e2d\u5f0fafternoo...More", "date": "May 17, 2016", "url": "https://www.tripadvisor.com/Restaurant_Review-g294217-d2390123-Reviews-Above_and_Beyond-Hong_Kong.html", "user": "Anncici", "rating": 5.0, "id_outlet": "https://www.tripadvisor.com/Restaurant_Review-g294217-d2390123-Reviews-Above_and_Beyond-Hong_Kong.html", "traveler_type": "Friends"}, {"body": "Excellent service. 2 points of surprise, first the bread served was far from interesting, just a mini white mushy loaf with nothing interesting about it. And the lack of choice - take the set menu or else. I had been hoping for a nice juicy...More", "date": "January 16, 2016", "url": "https://www.tripadvisor.com/Restaurant_Review-g294217-d941989-Reviews-Mandarin_Grill_Bar_at_Mandarin_Oriental_Hong_Kong-Hong_Kong.html", "user": "Safemach", "rating": 4.0, "id_outlet": "https://www.tripadvisor.com/Restaurant_Review-g294217-d941989-Reviews-Mandarin_Grill_Bar_at_Mandarin_Oriental_Hong_Kong-Hong_Kong.html", "traveler_type": "Friends"}, {"body": "For less than 200HKD(lunch), you can eat as much meat as you want. The beef was very tender, and the pork ribs were my absolute favourite(even though I usually don't like ribs).\nWide selection of food at the salad bar: the pumpkin salad and the...More", "date": "July 31, 2016", "url": "https://www.tripadvisor.com/Restaurant_Review-g294217-d7808139-Reviews-Braza_Churrascaria_Brazilian_Steakhouse-Hong_Kong.html", "user": "Liupkiu", "rating": 5.0, "id_outlet": "https://www.tripadvisor.com/Restaurant_Review-g294217-d7808139-Reviews-Braza_Churrascaria_Brazilian_Steakhouse-Hong_Kong.html", "traveler_type": "Family"}, {"body": "I've had better steaks and paid less, even in Hong Kong.\n\nGood ambience & service.\n\nLoved the bone marrow but the quality of the steaks were just average.\n\nFor the price you pay, you would expect more.", "date": "May 27, 2014", "url": "https://www.tripadvisor.com/Restaurant_Review-g294217-d2276403-Reviews-Bistecca_Italian_Steak_House-Hong_Kong.html", "user": "MuneerH", "rating": 3.0, "id_outlet": "https://www.tripadvisor.com/Restaurant_Review-g294217-d2276403-Reviews-Bistecca_Italian_Steak_House-Hong_Kong.html", "traveler_type": "Business"}, {"body": "Living in HK, this is one place nearly all visitors like to visit given the amazing outlook it has over Hong Kong and Kowloon as it's over 1500ft above sea level and perched on the peninsula of Kowloon.  On my last visit we took 6...More", "date": "August 14, 2015", "url": "https://www.tripadvisor.com/Restaurant_Review-g294217-d2198231-Reviews-OZONE-Hong_Kong.html", "user": "redmini7", "rating": 3.0, "id_outlet": "https://www.tripadvisor.com/Restaurant_Review-g294217-d2198231-Reviews-OZONE-Hong_Kong.html", "traveler_type": "Business"}, {"body": "While staying at the hotel we dined here to celebrate our anniversary. It was National Day in Hong Kong and we were accommodated at a fabulous window table from which we watched the fireworks. Andy Au, the restaurant manager, was so helpful with advice about...More", "date": "October 8, 2018", "url": "https://www.tripadvisor.com/Restaurant_Review-g294217-d1792423-Reviews-Man_Wah-Hong_Kong.html", "user": "zed1313", "rating": 5.0, "id_outlet": "https://www.tripadvisor.com/Restaurant_Review-g294217-d1792423-Reviews-Man_Wah-Hong_Kong.html", "traveler_type": "Couples"}, {"body": "Visited Clipper Lounge with my partner on 9th Sep. We ordered scone and desserts for afternoon tea. Food and drinks are good as usual. Impressed with the helpful and friendly service by Paul and Teresa. Thank you for giving us a relaxing afternoon.More", "date": "November 11, 2017", "url": "https://www.tripadvisor.com/Restaurant_Review-g294217-d1027723-Reviews-Clipper_Lounge-Hong_Kong.html", "user": "michellelalam", "rating": 5.0, "id_outlet": "https://www.tripadvisor.com/Restaurant_Review-g294217-d1027723-Reviews-Clipper_Lounge-Hong_Kong.html", "traveler_type": "Friends"}, {"body": "Nulla da dire sul posto. Il panorama su Hong Kong di sera \u00e8 davvero bello. Anche il mangiare \u00e8 curato...More", "date": "September 3, 2018", "url": "https://www.tripadvisor.com/Restaurant_Review-g294217-d786786-Reviews-Isola_Bar_Grill-Hong_Kong.html", "user": "Umberto M", "rating": 4.0, "id_outlet": "https://www.tripadvisor.com/Restaurant_Review-g294217-d786786-Reviews-Isola_Bar_Grill-Hong_Kong.html", "traveler_type": "Solo"}, {"body": "One of the best places to see the HK skyline. Drinks are ridiculously expensive, as expected for a place that offers this kind of views. Worth going for one drink and enjoying the view but tons of better bars in HK.More", "date": "July 28, 2017", "url": "https://www.tripadvisor.com/Restaurant_Review-g294217-d2198231-Reviews-OZONE-Hong_Kong.html", "user": "broy7", "rating": 4.0, "id_outlet": "https://www.tripadvisor.com/Restaurant_Review-g294217-d2198231-Reviews-OZONE-Hong_Kong.html", "traveler_type": "Couples"}, {"body": "Always a safe choice, especially if you're going with a group. Nice environment, friendly staff, delicious foods. There's a reason why it's been around for ages! Wide selection of all sorts of Tikka, tandoori, Naan, roti, everything.More", "date": "January 23, 2018", "url": "https://www.tripadvisor.com/Restaurant_Review-g294217-d799250-Reviews-Bombay_Dreams-Hong_Kong.html", "user": "vtc950", "rating": 4.0, "id_outlet": "https://www.tripadvisor.com/Restaurant_Review-g294217-d799250-Reviews-Bombay_Dreams-Hong_Kong.html", "traveler_type": "Friends"}, {"body": "Great place for fast & freindly service, with goood food at fair prices.  Always fresh. However, management has changed their dinner menu back to a fast-food bar menu which - to me - is not of interest when I am looking for dinner.  The foods...More", "date": "September 30, 2016", "url": "https://www.tripadvisor.com/Restaurant_Review-g294217-d1952785-Reviews-Delaney_s_Kowloon_Irish_Bar-Hong_Kong.html", "user": "631Vinnie75", "rating": 4.0, "id_outlet": "https://www.tripadvisor.com/Restaurant_Review-g294217-d1952785-Reviews-Delaney_s_Kowloon_Irish_Bar-Hong_Kong.html", "traveler_type": "Business"}, {"body": "I was so excited to see this restaurant listed as we planned our trip to Hong Kong! I was just in Ireland in June, and I was truly anticipating a great break from the standard Chinese fare we've been living with in Henan. Delaney's didn't...More", "date": "October 3, 2016", "url": "https://www.tripadvisor.com/Restaurant_Review-g294217-d1952785-Reviews-Delaney_s_Kowloon_Irish_Bar-Hong_Kong.html", "user": "ldunnreier", "rating": 4.0, "id_outlet": "https://www.tripadvisor.com/Restaurant_Review-g294217-d1952785-Reviews-Delaney_s_Kowloon_Irish_Bar-Hong_Kong.html", "traveler_type": "Couples"}, {"body": "The thing I appreciate the most about the experience at Carpaccio has been the great service. The owner is ready to help you with menu suggesting what to order according to your taste. \n\nI only tried pizza and, as italian, I must say it has...More", "date": "May 5, 2018", "url": "https://www.tripadvisor.com/Restaurant_Review-g294217-d1880782-Reviews-Carpaccio_Pasta_Pizza_Vino-Hong_Kong.html", "user": "Andrea A", "rating": 4.0, "id_outlet": "https://www.tripadvisor.com/Restaurant_Review-g294217-d1880782-Reviews-Carpaccio_Pasta_Pizza_Vino-Hong_Kong.html", "traveler_type": "Friends"}, {"body": "Delicious lunch in a superb setting where you are not sitting on top of the next table..  Excellent, friendly service.  A bit pricey - over HK$1,100 for a set lunch for two, with no alcohol, just water and coffee. Worth it for that special occasion,...More", "date": "October 27, 2018", "url": "https://www.tripadvisor.com/Restaurant_Review-g294217-d1811943-Reviews-Cafe_Gray_Deluxe-Hong_Kong.html", "user": "WeeRobbo_12", "rating": 5.0, "id_outlet": "https://www.tripadvisor.com/Restaurant_Review-g294217-d1811943-Reviews-Cafe_Gray_Deluxe-Hong_Kong.html", "traveler_type": "Business"}, {"body": "W had a great meal and evening in Tosca last Friday night. Food was great. We were particularly impressed by one of the staff there, called Addis for his thorough understanding of the cuisines and clear explanation of the dishes we ordered. Moreover, his heart-touching...More", "date": "August 20, 2014", "url": "https://www.tripadvisor.com/Restaurant_Review-g294217-d2161545-Reviews-Tosca_di_Angelo-Hong_Kong.html", "user": "HeyJu2014", "rating": 5.0, "id_outlet": "https://www.tripadvisor.com/Restaurant_Review-g294217-d2161545-Reviews-Tosca_di_Angelo-Hong_Kong.html", "traveler_type": "Couples"}, {"body": "On holidays in Hong Kong and my hubby wanted to watch the football back home. \nHe searched and found this little gem .\nJean welcomed us into the bar as if we were locals \nA great atmosphere and great food \nWe would highly recommend this...More", "date": "May 2, 2019", "url": "https://www.tripadvisor.com/Restaurant_Review-g294217-d1952785-Reviews-Delaney_s_Kowloon_Irish_Bar-Hong_Kong.html", "user": "Tongil", "rating": 5.0, "id_outlet": "https://www.tripadvisor.com/Restaurant_Review-g294217-d1952785-Reviews-Delaney_s_Kowloon_Irish_Bar-Hong_Kong.html", "traveler_type": "Couples"}, {"body": "This is undoubtedly fairly expensive but it is a lovely old building with a beautiful garden area with some great views and you are at the peak in Hong Kong so what do you expect. It's quiet calm and relaxed and a different world from...More", "date": "July 19, 2017", "url": "https://www.tripadvisor.com/Restaurant_Review-g294217-d788642-Reviews-The_Peak_Lookout-Hong_Kong.html", "user": "Richansa", "rating": 4.0, "id_outlet": "https://www.tripadvisor.com/Restaurant_Review-g294217-d788642-Reviews-The_Peak_Lookout-Hong_Kong.html", "traveler_type": "Family"}, {"body": "Celebration dinner here today! delicious food especially the ribeye and mushroom soup! Staff are very nice, helpful and polite. Every time we mess up the table they helped us tidy it up quickly.  We ordered a chocolate cake and their staff, samita and Addis, surprisingly...More", "date": "August 27, 2019", "url": "https://www.tripadvisor.com/Restaurant_Review-g294217-d2166297-Reviews-The_Lounge_Bar-Hong_Kong.html", "user": "Applelover826", "rating": 5.0, "id_outlet": "https://www.tripadvisor.com/Restaurant_Review-g294217-d2166297-Reviews-The_Lounge_Bar-Hong_Kong.html", "traveler_type": "Couples"}, {"body": "One if the best Yum Cha's in Hong Kong. This is a chain of stores, but all maintain a high standard. Ask for an English menu , and tick the order forms with the quantity you want. Pork buns & Shrimp dumplings & dim Sims...More", "date": "May 1, 2016", "url": "https://www.tripadvisor.com/Restaurant_Review-g294217-d2540306-Reviews-One_Dim_Sum_Chinese_Restaurant-Hong_Kong.html", "user": "Greg Q", "rating": 5.0, "id_outlet": "https://www.tripadvisor.com/Restaurant_Review-g294217-d2540306-Reviews-One_Dim_Sum_Chinese_Restaurant-Hong_Kong.html", "traveler_type": "Family"}, {"body": "So we came to Capo for lunch on a wednesday afternoon. Not crowded, awesome background music and genuine Italian feeling from the start.\n\nWe ordered their Signature cold cuts with Burrata and OMG ! so goooooood ! Paired with a light italian beer and some...More", "date": "January 10, 2018", "url": "https://www.tripadvisor.com/Restaurant_Review-g294217-d10089430-Reviews-Capo-Hong_Kong.html", "user": "Julien G", "rating": 5.0, "id_outlet": "https://www.tripadvisor.com/Restaurant_Review-g294217-d10089430-Reviews-Capo-Hong_Kong.html", "traveler_type": "Couples"}, {"body": "I went here because it was recommended by my hotel. It\u2019s an Italian restaurant, but not European standard at all. I had a flavorless, basic overpriced pasta. The service and view was good though. Just next to a shopping center so also convenient if you...More", "date": "December 11, 2017", "url": "https://www.tripadvisor.com/Restaurant_Review-g294217-d2165749-Reviews-AL_MOLO_RISTORANTE_ITALIANO_Michael_White-Hong_Kong.html", "user": "jonasr727", "rating": 3.0, "id_outlet": "https://www.tripadvisor.com/Restaurant_Review-g294217-d2165749-Reviews-AL_MOLO_RISTORANTE_ITALIANO_Michael_White-Hong_Kong.html", "traveler_type": "Solo"}, {"body": "Great food, great ambience, though a bit pricey. It was a memorable meal, thank goodness someone else was paying!", "date": "July 4, 2015", "url": "https://www.tripadvisor.com/Restaurant_Review-g294217-d1024986-Reviews-NOBU_InterContinental_Hong_Kong-Hong_Kong.html", "user": "thegreatchris", "rating": 5.0, "id_outlet": "https://www.tripadvisor.com/Restaurant_Review-g294217-d1024986-Reviews-NOBU_InterContinental_Hong_Kong-Hong_Kong.html", "traveler_type": "Friends"}, {"body": "Peking duck (ordered in advance) just melts in your mouth. Second course of fried rice had a great crunchy texture. Signature cod was wonderfully smoky and crispy. Service was attentive and professional. Would recommend to friends, would visit again.", "date": "May 20, 2018", "url": "https://www.tripadvisor.com/Restaurant_Review-g294217-d6579151-Reviews-Mott_32-Hong_Kong.html", "user": "cj0823", "rating": 5.0, "id_outlet": "https://www.tripadvisor.com/Restaurant_Review-g294217-d6579151-Reviews-Mott_32-Hong_Kong.html", "traveler_type": "Friends"}, {"body": "If you are looking for a Dim Sum meal, definitely go here. Food was fab! Very popular place and casual. Reasonable priced and easy to order. Our teenagers loved it!", "date": "July 28, 2019", "url": "https://www.tripadvisor.com/Restaurant_Review-g294217-d2540306-Reviews-One_Dim_Sum_Chinese_Restaurant-Hong_Kong.html", "user": "Rosscodad", "rating": 5.0, "id_outlet": "https://www.tripadvisor.com/Restaurant_Review-g294217-d2540306-Reviews-One_Dim_Sum_Chinese_Restaurant-Hong_Kong.html", "traveler_type": "Family"}, {"body": "The staff and service is amazing. They will take care of your every need and they go above and beyond.More", "date": "June 25, 2016", "url": "https://www.tripadvisor.com/Restaurant_Review-g294217-d2166297-Reviews-The_Lounge_Bar-Hong_Kong.html", "user": "tjjones425", "rating": 5.0, "id_outlet": "https://www.tripadvisor.com/Restaurant_Review-g294217-d2166297-Reviews-The_Lounge_Bar-Hong_Kong.html", "traveler_type": "Solo"}, {"body": "Once again Trip Advisor played a blinder in helping me to find a great place to eat in an area I am not familiar with. You would not 'happen across' this place by chance; it is on the third floor of a shopping mall so...More", "date": "October 10, 2018", "url": "https://www.tripadvisor.com/Restaurant_Review-g294217-d1880782-Reviews-Carpaccio_Pasta_Pizza_Vino-Hong_Kong.html", "user": "scottng15", "rating": 5.0, "id_outlet": "https://www.tripadvisor.com/Restaurant_Review-g294217-d1880782-Reviews-Carpaccio_Pasta_Pizza_Vino-Hong_Kong.html", "traveler_type": "Couples"}, {"body": "Everything was excellent. Long line all day especially during peak meal hours but if you go very early or very late the wait is not bad. Can also do take out. If you can't read Chinese compare and double check because I apparently I chose...More", "date": "January 2, 2017", "url": "https://www.tripadvisor.com/Restaurant_Review-g294217-d2540306-Reviews-One_Dim_Sum_Chinese_Restaurant-Hong_Kong.html", "user": "mysticpenguin", "rating": 5.0, "id_outlet": "https://www.tripadvisor.com/Restaurant_Review-g294217-d2540306-Reviews-One_Dim_Sum_Chinese_Restaurant-Hong_Kong.html", "traveler_type": "Solo"}, {"body": "Best dim sum we have had in HK. We ate here twice in 3 days. Both times the food was delicious and the staff are very pleasant which can be hard to find in HK.", "date": "March 2, 2017", "url": "https://www.tripadvisor.com/Restaurant_Review-g294217-d2706744-Reviews-Din_Tai_Fung_Yee_Wo_Branch-Hong_Kong.html", "user": "sarahmc69", "rating": 5.0, "id_outlet": "https://www.tripadvisor.com/Restaurant_Review-g294217-d2706744-Reviews-Din_Tai_Fung_Yee_Wo_Branch-Hong_Kong.html", "traveler_type": "Couples"}, {"body": "It definitely serves the best Cantonese cuisines in Hong Kong. Barbecue pork and scallop with black truffle are highly recommended.  \n\nThe private dining room is spacious and had great ambiance.The amazing view from the 101th floor is a bonus indeed.\n\nGreat attentive service! From the...More", "date": "December 13, 2017", "url": "https://www.tripadvisor.com/Restaurant_Review-g294217-d2399904-Reviews-Tin_Lung_Heen-Hong_Kong.html", "user": "Dan L", "rating": 5.0, "id_outlet": "https://www.tripadvisor.com/Restaurant_Review-g294217-d2399904-Reviews-Tin_Lung_Heen-Hong_Kong.html", "traveler_type": "Family"}, {"body": "Love the interiors. We got a table in the semi-private room where there are only a few tables and the walls have those chinese brushes on display. The other tables arrived later so for a time we got the whole area to ourselves kinda like...More", "date": "June 13, 2017", "url": "https://www.tripadvisor.com/Restaurant_Review-g294217-d6579151-Reviews-Mott_32-Hong_Kong.html", "user": "snowee b", "rating": 4.0, "id_outlet": "https://www.tripadvisor.com/Restaurant_Review-g294217-d6579151-Reviews-Mott_32-Hong_Kong.html", "traveler_type": "Family"}, {"body": "The view is amazing and the very good reason to go here. But you pay for it. 240 HK dollar (AFAIR) for a GT. Well, well. On the other hand, you don't pay for the elevator.\n\nAs I wasn't surprised by the prices, I was...More", "date": "April 11, 2016", "url": "https://www.tripadvisor.com/Restaurant_Review-g294217-d2198231-Reviews-OZONE-Hong_Kong.html", "user": "TorbenA956", "rating": 3.0, "id_outlet": "https://www.tripadvisor.com/Restaurant_Review-g294217-d2198231-Reviews-OZONE-Hong_Kong.html", "traveler_type": "Couples"}, {"body": "Absolutely breathtaking experience today at the Lounge and Bar. On level 103, you have stunning views of Hong Kong and the sea. \n\nThe wait staff, particularly Hin and Benson, are incredibly kind and made my experience incredibly memorable. I ordered the \"Weekend In Hong Kong\"...More", "date": "October 22, 2017", "url": "https://www.tripadvisor.com/Restaurant_Review-g294217-d2166297-Reviews-The_Lounge_Bar-Hong_Kong.html", "user": "Christina R", "rating": 5.0, "id_outlet": "https://www.tripadvisor.com/Restaurant_Review-g294217-d2166297-Reviews-The_Lounge_Bar-Hong_Kong.html", "traveler_type": "Solo"}, {"body": "Yan Toh Heen has always been one of my top 3 favourite Chinese restaurants in Hong Kong. The food is very delicious and has never disappointed me. I particularly like its premiere set lunch as I can enjoy signature dim sums, double boiled fish maw...More", "date": "June 23, 2019", "url": "https://www.tripadvisor.com/Restaurant_Review-g294217-d927163-Reviews-Yan_Toh_Heen_InterContinental_Hong_Kong-Hong_Kong.html", "user": "mrstsh", "rating": 5.0, "id_outlet": "https://www.tripadvisor.com/Restaurant_Review-g294217-d927163-Reviews-Yan_Toh_Heen_InterContinental_Hong_Kong-Hong_Kong.html", "traveler_type": "Couples"}, {"body": "Din Tai Fung continually impresses us with their high quality xiao long bao, and other speciality dishes. Highly recommend!", "date": "April 3, 2015", "url": "https://www.tripadvisor.com/Restaurant_Review-g294217-d2706744-Reviews-Din_Tai_Fung_Yee_Wo_Branch-Hong_Kong.html", "user": "TravelsinTranslation", "rating": 5.0, "id_outlet": "https://www.tripadvisor.com/Restaurant_Review-g294217-d2706744-Reviews-Din_Tai_Fung_Yee_Wo_Branch-Hong_Kong.html", "traveler_type": "Couples"}, {"body": "Such delicious foods and a wonderful down-to-earth staff. Always friendly to enjoy lunch or dinner and drinks. A must go to restaurant in Hong Kong, I recommend the meat lasagna it'll rock your taste buds!", "date": "February 14, 2017", "url": "https://www.tripadvisor.com/Restaurant_Review-g294217-d10089430-Reviews-Capo-Hong_Kong.html", "user": "Andrew V", "rating": 5.0, "id_outlet": "https://www.tripadvisor.com/Restaurant_Review-g294217-d10089430-Reviews-Capo-Hong_Kong.html", "traveler_type": "Business"}, {"body": "I had high expectations of this place and although the food was nice enough I would not visit again as it was really expensive, slightly too posh for me and did lack atmosphere, the food was nice enough but just different and the service was...More", "date": "December 30, 2016", "url": "https://www.tripadvisor.com/Restaurant_Review-g294217-d938999-Reviews-Peking_Garden_Restaurant_Alexandra_House-Hong_Kong.html", "user": "tmp025", "rating": 3.0, "id_outlet": "https://www.tripadvisor.com/Restaurant_Review-g294217-d938999-Reviews-Peking_Garden_Restaurant_Alexandra_House-Hong_Kong.html", "traveler_type": "Couples"}, {"body": "The food is excellent, I love the vibe of the place, the staff are very friendly and accommodating, shout to Melinda, Chef Jason and Lisa. \ud83d\ude4c\n\nIf your looking for a place to dine with a sumptous food and excellent vibe? You guys should check...More", "date": "February 9, 2019", "url": "https://www.tripadvisor.com/Restaurant_Review-g294217-d8353573-Reviews-Scarlett_Cafe_Wine_Bar-Hong_Kong.html", "user": "jayniferb", "rating": 5.0, "id_outlet": "https://www.tripadvisor.com/Restaurant_Review-g294217-d8353573-Reviews-Scarlett_Cafe_Wine_Bar-Hong_Kong.html", "traveler_type": "Friends"}, {"body": "I usually dine in the Italian restaurant in The Ritz Carlton, which is one of my favorite ever, but this time I brought some friends from Europe to experience the cantonese cuisine. I have been surprised from the beginning til the end of the meal....More", "date": "May 9, 2014", "url": "https://www.tripadvisor.com/Restaurant_Review-g294217-d2399904-Reviews-Tin_Lung_Heen-Hong_Kong.html", "user": "Luke A", "rating": 5.0, "id_outlet": "https://www.tripadvisor.com/Restaurant_Review-g294217-d2399904-Reviews-Tin_Lung_Heen-Hong_Kong.html", "traveler_type": "Friends"}, {"body": "Not the first time I have been there, but maybe the last. Got a table outside, view looking back @ HK was great. Had visitors from Australia who were looking forward to some lovely Pasta, but the service was very poor, got the excuse \"New...More", "date": "February 23, 2017", "url": "https://www.tripadvisor.com/Restaurant_Review-g294217-d2165749-Reviews-AL_MOLO_RISTORANTE_ITALIANO_Michael_White-Hong_Kong.html", "user": "simonf815", "rating": 2.0, "id_outlet": "https://www.tripadvisor.com/Restaurant_Review-g294217-d2165749-Reviews-AL_MOLO_RISTORANTE_ITALIANO_Michael_White-Hong_Kong.html", "traveler_type": "Friends"}]