[
	{
		"id_outlet" : "49902879992629236407831306704091856908",
		"name" : "Fuze Tea sparkling",
		"brand" : "Fuze Tea",
		"price" : 1.95000,
		"volume" : "250"
	},
	{
		"id_outlet" : "49902879992629236407831306704091856908",
		"name" : "Fuze Tea green tea",
		"brand" : "Fuze Tea",
		"price" : 1.95000,
		"volume" : "250"
	},
	{
		"id_outlet" : "49902879992629236407831306704091856908",
		"name" : "Fernandes red grape",
		"brand" : "Fernandes",
		"price" : 1.95000,
		"volume" : "330"
	},
	{
		"id_outlet" : "49902879992629236407831306704091856908",
		"name" : "Chaudfontaine",
		"brand" : "Chaudfontaine",
		"price" : 1.95000,
		"volume" : "500"
	},
	{
		"id_outlet" : "49902879992629236407831306704091856908",
		"name" : "Fernandes cherry bouquet",
		"brand" : "Fernandes",
		"price" : 1.95000,
		"volume" : "330"
	},
	{
		"id_outlet" : "49902879992629236407831306704091856908",
		"name" : "Fernandes green punch",
		"brand" : "Fernandes",
		"price" : 1.95000,
		"volume" : "330"
	},
	{
		"id_outlet" : "49902879992629236407831306704091856908",
		"name" : "Sprite fles",
		"brand" : "Sprite",
		"price" : 3.95000,
		"volume" : "1500"
	},
	{
		"id_outlet" : "49902879992629236407831306704091856908",
		"name" : "Sprite",
		"brand" : "Sprite",
		"price" : 1.95000,
		"volume" : "330"
	},
	{
		"id_outlet" : "49902879992629236407831306704091856908",
		"name" : "Red Bull",
		"brand" : "Red Bull",
		"price" : 3.49000,
		"volume" : "250"
	},
	{
		"id_outlet" : "49902879992629236407831306704091856908",
		"name" : "Fanta fles",
		"brand" : "Fanta",
		"price" : 3.95000,
		"volume" : "1500"
	},
	{
		"id_outlet" : "49902879992629236407831306704091856908",
		"name" : "Fanta",
		"brand" : "Fanta",
		"price" : 1.95000,
		"volume" : "330"
	},
	{
		"id_outlet" : "49902879992629236407831306704091856908",
		"name" : "Coca-Cola regular fles",
		"brand" : "Coca-Cola",
		"price" : 3.95000,
		"volume" : "1500"
	},
	{
		"id_outlet" : "49902879992629236407831306704091856908",
		"name" : "Coca-Cola",
		"brand" : "Coca-Cola",
		"price" : 1.95000,
		"volume" : "330"
	},
	{
		"id_outlet" : "49902879992629236407831306704091856908",
		"name" : "Coca-Cola zero",
		"brand" : "Coca-Cola",
		"price" : 1.95000,
		"volume" : "330"
	},
	{
		"id_outlet" : "283294963221695236170763356367199286448",
		"name" : "Heineken 25cl",
		"brand" : "Heineken",
		"price" : 3.50000,
		"volume" : "250"
	},
	{
		"id_outlet" : "283294963221695236170763356367199286448",
		"name" : "Two Chefs 33cl Funky Falcon",
		"brand" : "Two Chef's Brewing",
		"price" : 5.00000,
		"volume" : "330"
	},
	{
		"id_outlet" : "283294963221695236170763356367199286448",
		"name" : "Chaudfontaine blauw 50cl mineraal water",
		"brand" : "Chaudfontaine",
		"price" : 2.50000,
		"volume" : "500"
	},
	{
		"id_outlet" : "283294963221695236170763356367199286448",
		"name" : "Brouwerij 't IJ 33cl",
		"brand" : "Brouwerij 't IJ",
		"price" : 5.00000,
		"volume" : "330"
	},
	{
		"id_outlet" : "283294963221695236170763356367199286448",
		"name" : "Chaudfontaine rood 50cl mineraal water",
		"brand" : "Chaudfontaine",
		"price" : 2.50000,
		"volume" : "500"
	},
	{
		"id_outlet" : "283294963221695236170763356367199286448",
		"name" : "Sprite 33cl",
		"brand" : "Sprite",
		"price" : 2.50000,
		"volume" : "330"
	},
	{
		"id_outlet" : "283294963221695236170763356367199286448",
		"name" : "Heineken 0.0 25cl",
		"brand" : "Heineken",
		"price" : 3.50000,
		"volume" : "250"
	},
	{
		"id_outlet" : "283294963221695236170763356367199286448",
		"name" : "Fanta orange 33cl",
		"brand" : "Fanta",
		"price" : 2.50000,
		"volume" : "330"
	},
	{
		"id_outlet" : "283294963221695236170763356367199286448",
		"name" : "Coca Cola 33cl",
		"brand" : "Coca-Cola",
		"price" : 2.50000,
		"volume" : "330"
	},
	{
		"id_outlet" : "283294963221695236170763356367199286448",
		"name" : "Coca Cola Zero 33cl",
		"brand" : "Coca-Cola",
		"price" : 2.50000,
		"volume" : "330"
	},
	{
		"id_outlet" : "327257783106451358954447114691995086169",
		"name" : "Lipton ice tea peach",
		"brand" : "Lipton",
		"price" : 2.60000,
		"volume" : "500"
	},
	{
		"id_outlet" : "327257783106451358954447114691995086169",
		"name" : "Lipton ice tea green",
		"brand" : "Lipton",
		"price" : 2.60000,
		"volume" : "500"
	},
	{
		"id_outlet" : "327257783106451358954447114691995086169",
		"name" : "Pepsi",
		"brand" : "Pepsi",
		"price" : 2.60000,
		"volume" : "500"
	},
	{
		"id_outlet" : "327257783106451358954447114691995086169",
		"name" : "Pepsi max",
		"brand" : "Pepsi",
		"price" : 2.60000,
		"volume" : "500"
	},
	{
		"id_outlet" : "327257783106451358954447114691995086169",
		"name" : "Pepsi flesje (500ml) & Lays zakje chips (27,5g)",
		"brand" : "Pepsi",
		"price" : 3.50000,
		"volume" : "500"
	},
	{
		"id_outlet" : "327257783106451358954447114691995086169",
		"name" : "7 Up",
		"brand" : "7Up",
		"price" : 2.60000,
		"volume" : "500"
	},
	{
		"id_outlet" : "327257783106451358954447114691995086169",
		"name" : "Sourcy water ",
		"brand" : "Sourcy",
		"price" : 2.60000,
		"volume" : "500"
	},
	{
		"id_outlet" : "327257783106451358954447114691995086169",
		"name" : "Sourcy rood",
		"brand" : "Sourcy",
		"price" : 2.60000,
		"volume" : "unknown"
	},
	{
		"id_outlet" : "314032653973337478450144404494058558532",
		"name" : "Coca-Cola light ",
		"brand" : "Coca-Cola",
		"price" : 2.00000,
		"volume" : "unknown"
	},
	{
		"id_outlet" : "314032653973337478450144404494058558532",
		"name" : "Fanta",
		"brand" : "Fanta",
		"price" : 2.00000,
		"volume" : "unknown"
	},
	{
		"id_outlet" : "321365545283542343578744113965592435892",
		"name" : "Coca-Cola light",
		"brand" : "Coca-Cola",
		"price" : 3.00000,
		"volume" : "unknown"
	},
	{
		"id_outlet" : "321365545283542343578744113965592435892",
		"name" : "Lipton ice tea green",
		"brand" : "Lipton",
		"price" : 3.00000,
		"volume" : "unknown"
	},
	{
		"id_outlet" : "321365545283542343578744113965592435892",
		"name" : "Coca-Cola",
		"brand" : "Coca-Cola",
		"price" : 3.00000,
		"volume" : "unknown"
	},
	{
		"id_outlet" : "127048456998651170056736953480857736328",
		"name" : "EARTH Water still",
		"brand" : "Earth Water",
		"price" : 3.00000,
		"volume" : "unknown"
	},
	{
		"id_outlet" : "127048456998651170056736953480857736328",
		"name" : "EARTH Water sparkling",
		"brand" : "Earth Water",
		"price" : 3.00000,
		"volume" : "unknown"
	},
	{
		"id_outlet" : "127048456998651170056736953480857736328",
		"name" : "Coca-Cola light ",
		"brand" : "Coca-Cola",
		"price" : 3.00000,
		"volume" : "unknown"
	},
	{
		"id_outlet" : "127048456998651170056736953480857736328",
		"name" : "Lipton ice tea green",
		"brand" : "Lipton",
		"price" : 3.00000,
		"volume" : "unknown"
	},
	{
		"id_outlet" : "127048456998651170056736953480857736328",
		"name" : "Coca-Cola regular ",
		"brand" : "Coca-Cola",
		"price" : 3.00000,
		"volume" : "unknown"
	},
	{
		"id_outlet" : "127048456998651170056736953480857736328",
		"name" : "Coca-Cola zero ",
		"brand" : "Coca-Cola",
		"price" : 3.00000,
		"volume" : "unknown"
	},
	{
		"id_outlet" : "165997420050571885484241233202539084755",
		"name" : "Coca-Cola light",
		"brand" : "Coca-Cola",
		"price" : 2.00000,
		"volume" : "unknown"
	},
	{
		"id_outlet" : "165997420050571885484241233202539084755",
		"name" : "AA Drink ",
		"brand" : "Aa Drink",
		"price" : 2.00000,
		"volume" : "unknown"
	},
	{
		"id_outlet" : "165997420050571885484241233202539084755",
		"name" : "Red Bull ",
		"brand" : "Red Bull",
		"price" : 3.00000,
		"volume" : "unknown"
	},
	{
		"id_outlet" : "165997420050571885484241233202539084755",
		"name" : "Heineken ",
		"brand" : "Heineken",
		"price" : 2.00000,
		"volume" : "330"
	},
	{
		"id_outlet" : "165997420050571885484241233202539084755",
		"name" : "Fanta",
		"brand" : "Fanta",
		"price" : 2.00000,
		"volume" : "unknown"
	},
	{
		"id_outlet" : "165997420050571885484241233202539084755",
		"name" : "Coca-Cola",
		"brand" : "Coca-Cola",
		"price" : 2.00000,
		"volume" : "unknown"
	},
	{
		"id_outlet" : "165997420050571885484241233202539084755",
		"name" : "Coca-Cola zero",
		"brand" : "Coca-Cola",
		"price" : 2.00000,
		"volume" : "unknown"
	},
	{
		"id_outlet" : "33417390446481492604604940052101658935",
		"name" : "6 pack bier",
		"brand" : "Grolsch",
		"price" : 11.50000,
		"volume" : "500"
	},
	{
		"id_outlet" : "33417390446481492604604940052101658935",
		"name" : "Bier",
		"brand" : "Grolsch",
		"price" : 2.25000,
		"volume" : "500"
	},
	{
		"id_outlet" : "33417390446481492604604940052101658935",
		"name" : "6 pack bier",
		"brand" : "Heineken",
		"price" : 11.50000,
		"volume" : "500"
	},
	{
		"id_outlet" : "33417390446481492604604940052101658935",
		"name" : "Bier",
		"brand" : "Heineken",
		"price" : 2.25000,
		"volume" : "500"
	},
	{
		"id_outlet" : "33417390446481492604604940052101658935",
		"name" : "Fuze tea green tea",
		"brand" : "Fuze Tea",
		"price" : 2.70000,
		"volume" : "unknown"
	},
	{
		"id_outlet" : "33417390446481492604604940052101658935",
		"name" : "AA drink flesje",
		"brand" : "Aa Drink",
		"price" : 2.25000,
		"volume" : "unknown"
	},
	{
		"id_outlet" : "33417390446481492604604940052101658935",
		"name" : "Red bull",
		"brand" : "Red Bull",
		"price" : 3.00000,
		"volume" : "unknown"
	},
	{
		"id_outlet" : "33417390446481492604604940052101658935",
		"name" : "Fanta blik",
		"brand" : "Fanta",
		"price" : 2.25000,
		"volume" : "unknown"
	},
	{
		"id_outlet" : "33417390446481492604604940052101658935",
		"name" : "Coca-Cola fles 1,75 l",
		"brand" : "Coca-Cola",
		"price" : 4.00000,
		"volume" : "1750"
	},
	{
		"id_outlet" : "33417390446481492604604940052101658935",
		"name" : "Coca Cola 0,5 l",
		"brand" : "Coca-Cola",
		"price" : 2.75000,
		"volume" : "500"
	},
	{
		"id_outlet" : "33417390446481492604604940052101658935",
		"name" : "Coca Cola",
		"brand" : "Coca-Cola",
		"price" : 2.25000,
		"volume" : "unknown"
	},
	{
		"id_outlet" : "47002041566522905200636609827711769647",
		"name" : "Fles Coca-Cola light ",
		"brand" : "Coca-Cola",
		"price" : 3.75000,
		"volume" : "unknown"
	},
	{
		"id_outlet" : "47002041566522905200636609827711769647",
		"name" : "Coca-Cola light ",
		"brand" : "Coca-Cola",
		"price" : 2.00000,
		"volume" : "unknown"
	},
	{
		"id_outlet" : "47002041566522905200636609827711769647",
		"name" : "Sprite ",
		"brand" : "Sprite",
		"price" : 2.00000,
		"volume" : "unknown"
	},
	{
		"id_outlet" : "47002041566522905200636609827711769647",
		"name" : "Red Bull ",
		"brand" : "Red Bull",
		"price" : 2.50000,
		"volume" : "unknown"
	},
	{
		"id_outlet" : "47002041566522905200636609827711769647",
		"name" : "Fles fanta ",
		"brand" : "Fanta",
		"price" : 3.75000,
		"volume" : "unknown"
	},
	{
		"id_outlet" : "47002041566522905200636609827711769647",
		"name" : "Fanta ",
		"brand" : "Fanta",
		"price" : 2.00000,
		"volume" : "unknown"
	},
	{
		"id_outlet" : "47002041566522905200636609827711769647",
		"name" : "Coca-Cola ",
		"brand" : "Coca-Cola",
		"price" : 2.00000,
		"volume" : "unknown"
	},
	{
		"id_outlet" : "47002041566522905200636609827711769647",
		"name" : "Fles Coca-Cola ",
		"brand" : "Coca-Cola",
		"price" : 3.75000,
		"volume" : "unknown"
	},
	{
		"id_outlet" : "91943224646241056385634118768695280437",
		"name" : "Amstel bier 1 blikje 0.33 l",
		"brand" : "Amstel",
		"price" : 2.30000,
		"volume" : "330"
	},
	{
		"id_outlet" : "91943224646241056385634118768695280437",
		"name" : "Amstel bier 24 blikjes 0.33 l ",
		"brand" : "Amstel",
		"price" : 40.00000,
		"volume" : "330"
	},
	{
		"id_outlet" : "91943224646241056385634118768695280437",
		"name" : "Amstel bier 6 blikjes 0.50 l ",
		"brand" : "Amstel",
		"price" : 17.00000,
		"volume" : "500"
	},
	{
		"id_outlet" : "91943224646241056385634118768695280437",
		"name" : "Amstel bier 1 blikje 0.50 l ",
		"brand" : "Amstel",
		"price" : 3.00000,
		"volume" : "500"
	},
	{
		"id_outlet" : "91943224646241056385634118768695280437",
		"name" : "Amstel bier 48 blikjes 0.50 l ",
		"brand" : "Amstel",
		"price" : 81.99000,
		"volume" : "500"
	},
	{
		"id_outlet" : "91943224646241056385634118768695280437",
		"name" : "Amstel bier 24 blikjes 0.50 l",
		"brand" : "Amstel",
		"price" : 65.00000,
		"volume" : "500"
	},
	{
		"id_outlet" : "91943224646241056385634118768695280437",
		"name" : "Amstel bier 48 blikjes 0.33 l ",
		"brand" : "Amstel",
		"price" : 78.00000,
		"volume" : "330"
	},
	{
		"id_outlet" : "91943224646241056385634118768695280437",
		"name" : "Amstel bier 6 blikjes 0.33 l ",
		"brand" : "Amstel",
		"price" : 12.00000,
		"volume" : "330"
	},
	{
		"id_outlet" : "91943224646241056385634118768695280437",
		"name" : "Coca-Cola Light ",
		"brand" : "Coca-Cola",
		"price" : 1.50000,
		"volume" : "unknown"
	},
	{
		"id_outlet" : "91943224646241056385634118768695280437",
		"name" : "Fanta Exotic ",
		"brand" : "Fanta",
		"price" : 1.50000,
		"volume" : "unknown"
	},
	{
		"id_outlet" : "91943224646241056385634118768695280437",
		"name" : "Sprite ",
		"brand" : "Sprite",
		"price" : 1.50000,
		"volume" : "unknown"
	},
	{
		"id_outlet" : "91943224646241056385634118768695280437",
		"name" : "Aa Drink ",
		"brand" : "Aa Drink",
		"price" : 1.50000,
		"volume" : "unknown"
	},
	{
		"id_outlet" : "91943224646241056385634118768695280437",
		"name" : "Red Bull ",
		"brand" : "Red Bull",
		"price" : 2.50000,
		"volume" : "unknown"
	},
	{
		"id_outlet" : "91943224646241056385634118768695280437",
		"name" : "Bacardi Cola ",
		"brand" : "Bacardi",
		"price" : 3.00000,
		"volume" : "unknown"
	},
	{
		"id_outlet" : "91943224646241056385634118768695280437",
		"name" : "Heineken 24 blikjes 0.33 l ",
		"brand" : "Heineken",
		"price" : 40.00000,
		"volume" : "330"
	},
	{
		"id_outlet" : "91943224646241056385634118768695280437",
		"name" : "Heineken 1 blikje 0.50 l ",
		"brand" : "Heineken",
		"price" : 3.00000,
		"volume" : "500"
	},
	{
		"id_outlet" : "91943224646241056385634118768695280437",
		"name" : "Heineken 1 blikje 0.33 l ",
		"brand" : "Heineken",
		"price" : 2.30000,
		"volume" : "330"
	},
	{
		"id_outlet" : "91943224646241056385634118768695280437",
		"name" : "Heineken 1 flesje 0.25 l ",
		"brand" : "Heineken",
		"price" : 2.50000,
		"volume" : "250"
	},
	{
		"id_outlet" : "91943224646241056385634118768695280437",
		"name" : "Heineken 6 blikjes 0.50 l ",
		"brand" : "Heineken",
		"price" : 17.00000,
		"volume" : "500"
	},
	{
		"id_outlet" : "91943224646241056385634118768695280437",
		"name" : "Heineken 48 blikjes 0.50 l ",
		"brand" : "Heineken",
		"price" : 85.99000,
		"volume" : "500"
	},
	{
		"id_outlet" : "91943224646241056385634118768695280437",
		"name" : "Heineken 24 flesjes 0.25 l ",
		"brand" : "Heineken",
		"price" : 50.00000,
		"volume" : "250"
	},
	{
		"id_outlet" : "91943224646241056385634118768695280437",
		"name" : "Heineken 6 flesjes 0.25 l",
		"brand" : "Heineken",
		"price" : 15.00000,
		"volume" : "250"
	},
	{
		"id_outlet" : "91943224646241056385634118768695280437",
		"name" : "Heineken 48 blikjes 0.33 l ",
		"brand" : "Heineken",
		"price" : 78.00000,
		"volume" : "330"
	},
	{
		"id_outlet" : "91943224646241056385634118768695280437",
		"name" : "Heineken 6-pack, 6 blikjes 0.33 l ",
		"brand" : "Heineken",
		"price" : 12.00000,
		"volume" : "330"
	},
	{
		"id_outlet" : "91943224646241056385634118768695280437",
		"name" : "Heineken 12 flesjes 0.25 l",
		"brand" : "Heineken",
		"price" : 27.00000,
		"volume" : "250"
	},
	{
		"id_outlet" : "91943224646241056385634118768695280437",
		"name" : "Heineken 24 blikjes 0.50 l ",
		"brand" : "Heineken",
		"price" : 65.00000,
		"volume" : "500"
	},
	{
		"id_outlet" : "91943224646241056385634118768695280437",
		"name" : "Fanta ",
		"brand" : "Fanta",
		"price" : 1.50000,
		"volume" : "unknown"
	},
	{
		"id_outlet" : "91943224646241056385634118768695280437",
		"name" : "Fanta 1.5 liter ",
		"brand" : "Fanta",
		"price" : 3.50000,
		"volume" : "1500"
	},
	{
		"id_outlet" : "91943224646241056385634118768695280437",
		"name" : "Coca-Cola",
		"brand" : "Coca-Cola",
		"price" : 1.50000,
		"volume" : "unknown"
	},
	{
		"id_outlet" : "252651641282346579703164237318735593936",
		"name" : "Coca Cola Light",
		"brand" : "Coca-Cola",
		"price" : 1.75000,
		"volume" : "unknown"
	},
	{
		"id_outlet" : "252651641282346579703164237318735593936",
		"name" : "Sprite",
		"brand" : "Sprite",
		"price" : 1.75000,
		"volume" : "unknown"
	},
	{
		"id_outlet" : "252651641282346579703164237318735593936",
		"name" : "AA Drink",
		"brand" : "Aa Drink",
		"price" : 1.75000,
		"volume" : "unknown"
	},
	{
		"id_outlet" : "252651641282346579703164237318735593936",
		"name" : "Red Bull",
		"brand" : "Red Bull",
		"price" : 2.50000,
		"volume" : "unknown"
	},
	{
		"id_outlet" : "252651641282346579703164237318735593936",
		"name" : "Fanta",
		"brand" : "Fanta",
		"price" : 1.75000,
		"volume" : "unknown"
	},
	{
		"id_outlet" : "252651641282346579703164237318735593936",
		"name" : "Coca Cola",
		"brand" : "Coca-Cola",
		"price" : 1.75000,
		"volume" : "unknown"
	},
	{
		"id_outlet" : "63562601146806588372772564799565949887",
		"name" : "Lipton ice tea lemon",
		"brand" : "Lipton",
		"price" : 2.00000,
		"volume" : "unknown"
	},
	{
		"id_outlet" : "63562601146806588372772564799565949887",
		"name" : "Fanta cassis",
		"brand" : "Fanta",
		"price" : 2.00000,
		"volume" : "unknown"
	},
	{
		"id_outlet" : "63562601146806588372772564799565949887",
		"name" : "Fernandes cherry bouquet",
		"brand" : "Fernandes",
		"price" : 2.00000,
		"volume" : "330"
	},
	{
		"id_outlet" : "63562601146806588372772564799565949887",
		"name" : "Fernandes green punch",
		"brand" : "Fernandes",
		"price" : 2.00000,
		"volume" : "330"
	},
	{
		"id_outlet" : "63562601146806588372772564799565949887",
		"name" : "Fanta exotic",
		"brand" : "Fanta",
		"price" : 2.00000,
		"volume" : "330"
	},
	{
		"id_outlet" : "63562601146806588372772564799565949887",
		"name" : "lipton ice tea green",
		"brand" : "Lipton",
		"price" : 2.00000,
		"volume" : "unknown"
	},
	{
		"id_outlet" : "63562601146806588372772564799565949887",
		"name" : "AA Drink",
		"brand" : "Aa Drink",
		"price" : 2.00000,
		"volume" : "unknown"
	},
	{
		"id_outlet" : "63562601146806588372772564799565949887",
		"name" : "Red Bull",
		"brand" : "Red Bull",
		"price" : 2.50000,
		"volume" : "unknown"
	},
	{
		"id_outlet" : "63562601146806588372772564799565949887",
		"name" : "7 Up",
		"brand" : "7Up",
		"price" : 2.00000,
		"volume" : "unknown"
	},
	{
		"id_outlet" : "63562601146806588372772564799565949887",
		"name" : "Fanta orange",
		"brand" : "Fanta",
		"price" : 2.00000,
		"volume" : "330"
	},
	{
		"id_outlet" : "63562601146806588372772564799565949887",
		"name" : "Coca-Cola",
		"brand" : "Coca-Cola",
		"price" : 2.00000,
		"volume" : "330"
	},
	{
		"id_outlet" : "63562601146806588372772564799565949887",
		"name" : "Coca-Cola zero sugar",
		"brand" : "Coca-Cola",
		"price" : 2.00000,
		"volume" : "330"
	},
	{
		"id_outlet" : "297652528638499107975531520877353140589",
		"name" : "Fuze Tea ice tea",
		"brand" : "Fuze Tea",
		"price" : 2.00000,
		"volume" : "unknown"
	},
	{
		"id_outlet" : "297652528638499107975531520877353140589",
		"name" : "Chaudfontaine still",
		"brand" : "Chaudfontaine",
		"price" : 2.00000,
		"volume" : "unknown"
	},
	{
		"id_outlet" : "297652528638499107975531520877353140589",
		"name" : "Sprite ",
		"brand" : "Sprite",
		"price" : 2.00000,
		"volume" : "unknown"
	},
	{
		"id_outlet" : "297652528638499107975531520877353140589",
		"name" : "AA drink ",
		"brand" : "Aa Drink",
		"price" : 2.00000,
		"volume" : "unknown"
	},
	{
		"id_outlet" : "297652528638499107975531520877353140589",
		"name" : "Red Bull",
		"brand" : "Red Bull",
		"price" : 2.50000,
		"volume" : "unknown"
	},
	{
		"id_outlet" : "297652528638499107975531520877353140589",
		"name" : "Fanta",
		"brand" : "Fanta",
		"price" : 2.00000,
		"volume" : "unknown"
	},
	{
		"id_outlet" : "297652528638499107975531520877353140589",
		"name" : "Coca-Cola",
		"brand" : "Coca-Cola",
		"price" : 2.00000,
		"volume" : "unknown"
	},
	{
		"id_outlet" : "297652528638499107975531520877353140589",
		"name" : "Coca-Cola zero ",
		"brand" : "Coca-Cola",
		"price" : 2.00000,
		"volume" : "unknown"
	},
	{
		"id_outlet" : "54510679703893206233253810796548733693",
		"name" : "Charitea - mate ijsthee",
		"brand" : "ChariTea",
		"price" : 3.25000,
		"volume" : "unknown"
	},
	{
		"id_outlet" : "190196191040961587160782732334856784888",
		"name" : "139a. Coca-Cola light",
		"brand" : "Coca-Cola",
		"price" : 1.75000,
		"volume" : "unknown"
	},
	{
		"id_outlet" : "190196191040961587160782732334856784888",
		"name" : "146. Lipton ice tea peach",
		"brand" : "Lipton",
		"price" : 1.75000,
		"volume" : "unknown"
	},
	{
		"id_outlet" : "190196191040961587160782732334856784888",
		"name" : "145. Lipton ice tea green",
		"brand" : "Lipton",
		"price" : 1.75000,
		"volume" : "unknown"
	},
	{
		"id_outlet" : "190196191040961587160782732334856784888",
		"name" : "141. Sprite regular",
		"brand" : "Sprite",
		"price" : 1.75000,
		"volume" : "unknown"
	},
	{
		"id_outlet" : "190196191040961587160782732334856784888",
		"name" : "142. Red Bull",
		"brand" : "Red Bull",
		"price" : 2.00000,
		"volume" : "unknown"
	},
	{
		"id_outlet" : "190196191040961587160782732334856784888",
		"name" : "143. Red Bull sugar free",
		"brand" : "Red Bull",
		"price" : 2.00000,
		"volume" : "unknown"
	},
	{
		"id_outlet" : "190196191040961587160782732334856784888",
		"name" : "144. Lipton ice tea sparkling",
		"brand" : "Lipton",
		"price" : 1.75000,
		"volume" : "440"
	},
	{
		"id_outlet" : "190196191040961587160782732334856784888",
		"name" : "139. Coca-Cola regular",
		"brand" : "Coca-Cola",
		"price" : 1.75000,
		"volume" : "unknown"
	},
	{
		"id_outlet" : "147604685768551105643067051820075670330",
		"name" : "Heineken",
		"brand" : "Heineken",
		"price" : 4.00000,
		"volume" : "330"
	},
	{
		"id_outlet" : "147604685768551105643067051820075670330",
		"name" : "Sprite",
		"brand" : "Sprite",
		"price" : 4.00000,
		"volume" : "330"
	},
	{
		"id_outlet" : "147604685768551105643067051820075670330",
		"name" : "Fanta",
		"brand" : "Fanta",
		"price" : 4.00000,
		"volume" : "330"
	},
	{
		"id_outlet" : "147604685768551105643067051820075670330",
		"name" : "Coca Cola",
		"brand" : "Coca-Cola",
		"price" : 4.00000,
		"volume" : "330"
	},
	{
		"id_outlet" : "35881379350896673743352998569627830528",
		"name" : "Grolsch",
		"brand" : "Grolsch",
		"price" : 2.50000,
		"volume" : "330"
	},
	{
		"id_outlet" : "35881379350896673743352998569627830528",
		"name" : "Fanta Orange",
		"brand" : "Fanta",
		"price" : 2.00000,
		"volume" : "330"
	},
	{
		"id_outlet" : "35881379350896673743352998569627830528",
		"name" : "Coca Cola",
		"brand" : "Coca-Cola",
		"price" : 2.00000,
		"volume" : "330"
	},
	{
		"id_outlet" : "35881379350896673743352998569627830528",
		"name" : "Coca Cola zero",
		"brand" : "Coca-Cola",
		"price" : 2.00000,
		"volume" : "330"
	},
	{
		"id_outlet" : "67256766394334269099759147717171913478",
		"name" : "Orangina",
		"brand" : "Orangina",
		"price" : 2.00000,
		"volume" : "unknown"
	},
	{
		"id_outlet" : "67256766394334269099759147717171913478",
		"name" : "Nestea peach",
		"brand" : "Nestea",
		"price" : 2.50000,
		"volume" : "unknown"
	},
	{
		"id_outlet" : "67256766394334269099759147717171913478",
		"name" : "Appelsientje",
		"brand" : "Appelsientje",
		"price" : 2.50000,
		"volume" : "unknown"
	},
	{
		"id_outlet" : "67256766394334269099759147717171913478",
		"name" : " Dr. pepper",
		"brand" : "Dr Pepper",
		"price" : 2.00000,
		"volume" : "unknown"
	},
	{
		"id_outlet" : "67256766394334269099759147717171913478",
		"name" : "Fanta cassis",
		"brand" : "Fanta",
		"price" : 2.50000,
		"volume" : "unknown"
	},
	{
		"id_outlet" : "67256766394334269099759147717171913478",
		"name" : "Sprite blik",
		"brand" : "Sprite",
		"price" : 2.00000,
		"volume" : "unknown"
	},
	{
		"id_outlet" : "67256766394334269099759147717171913478",
		"name" : "AA Drink",
		"brand" : "Aa Drink",
		"price" : 2.00000,
		"volume" : "unknown"
	},
	{
		"id_outlet" : "67256766394334269099759147717171913478",
		"name" : "Red Bull",
		"brand" : "Red Bull",
		"price" : 2.50000,
		"volume" : "unknown"
	},
	{
		"id_outlet" : "67256766394334269099759147717171913478",
		"name" : "7Up 0.5L fles",
		"brand" : "7Up",
		"price" : 2.50000,
		"volume" : "500"
	},
	{
		"id_outlet" : "67256766394334269099759147717171913478",
		"name" : "Fanta 0.5L fles",
		"brand" : "Fanta",
		"price" : 2.50000,
		"volume" : "500"
	},
	{
		"id_outlet" : "67256766394334269099759147717171913478",
		"name" : "Fanta blik",
		"brand" : "Fanta",
		"price" : 2.00000,
		"volume" : "unknown"
	},
	{
		"id_outlet" : "67256766394334269099759147717171913478",
		"name" : "Coca-Cola 0.5L fles",
		"brand" : "Coca-Cola",
		"price" : 2.50000,
		"volume" : "500"
	},
	{
		"id_outlet" : "67256766394334269099759147717171913478",
		"name" : "Coca-Cola blik",
		"brand" : "Coca-Cola",
		"price" : 2.00000,
		"volume" : "unknown"
	},
	{
		"id_outlet" : "67256766394334269099759147717171913478",
		"name" : "Coca-Cola zero blik",
		"brand" : "Coca-Cola",
		"price" : 2.00000,
		"volume" : "unknown"
	},
	{
		"id_outlet" : "174781837695277235773315022668535172434",
		"name" : "Magners",
		"brand" : "Magners",
		"price" : 5.50000,
		"volume" : "unknown"
	},
	{
		"id_outlet" : "174781837695277235773315022668535172434",
		"name" : "Schweppes Ginger Ale",
		"brand" : "Schweppes",
		"price" : 3.50000,
		"volume" : "unknown"
	},
	{
		"id_outlet" : "174781837695277235773315022668535172434",
		"name" : "Somersby Blackberry",
		"brand" : "Somersby",
		"price" : 5.50000,
		"volume" : "unknown"
	},
	{
		"id_outlet" : "174781837695277235773315022668535172434",
		"name" : "Somersby Apple",
		"brand" : "Somersby",
		"price" : 5.50000,
		"volume" : "unknown"
	},
	{
		"id_outlet" : "174781837695277235773315022668535172434",
		"name" : "Bottle of Gordon's Pink Gin 1 Liter",
		"brand" : "Gordon's",
		"price" : 65.00000,
		"volume" : "1000"
	},
	{
		"id_outlet" : "174781837695277235773315022668535172434",
		"name" : "Aperol Spritz",
		"brand" : "Aperol",
		"price" : 10.00000,
		"volume" : "unknown"
	},
	{
		"id_outlet" : "174781837695277235773315022668535172434",
		"name" : "Smirnoff Ice",
		"brand" : "Smirnoff",
		"price" : 5.50000,
		"volume" : "unknown"
	},
	{
		"id_outlet" : "174781837695277235773315022668535172434",
		"name" : "Negroni",
		"brand" : "Martini",
		"price" : 11.50000,
		"volume" : "unknown"
	},
	{
		"id_outlet" : "174781837695277235773315022668535172434",
		"name" : "Red Martini",
		"brand" : "Martini",
		"price" : 5.00000,
		"volume" : "unknown"
	},
	{
		"id_outlet" : "174781837695277235773315022668535172434",
		"name" : "Jägermeister",
		"brand" : "Jägermeister",
		"price" : 4.00000,
		"volume" : "unknown"
	},
	{
		"id_outlet" : "174781837695277235773315022668535172434",
		"name" : "Fanta Cassis",
		"brand" : "Fanta",
		"price" : null,
		"volume" : "unknown"
	},
	{
		"id_outlet" : "174781837695277235773315022668535172434",
		"name" : "Bottle of Smirnoff Vodka 1 Liter",
		"brand" : "Smirnoff",
		"price" : 60.00000,
		"volume" : "1000"
	},
	{
		"id_outlet" : "174781837695277235773315022668535172434",
		"name" : "Sex on the Beach",
		"brand" : "Malibu",
		"price" : 10.00000,
		"volume" : "unknown"
	},
	{
		"id_outlet" : "174781837695277235773315022668535172434",
		"name" : "Bottle of Gordon's dry Gin 1 Liter",
		"brand" : "Gordon's",
		"price" : 60.00000,
		"volume" : "1000"
	},
	{
		"id_outlet" : "174781837695277235773315022668535172434",
		"name" : "Alcohol Free Mojito",
		"brand" : "Sprite",
		"price" : 6.50000,
		"volume" : "unknown"
	},
	{
		"id_outlet" : "174781837695277235773315022668535172434",
		"name" : "Sprite ",
		"brand" : "Sprite",
		"price" : null,
		"volume" : "unknown"
	},
	{
		"id_outlet" : "174781837695277235773315022668535172434",
		"name" : "Red Bull Sugar Free",
		"brand" : "Red Bull",
		"price" : 4.50000,
		"volume" : "unknown"
	},
	{
		"id_outlet" : "174781837695277235773315022668535172434",
		"name" : "Agwa Blaster",
		"brand" : "Red Bull",
		"price" : 10.00000,
		"volume" : "unknown"
	},
	{
		"id_outlet" : "174781837695277235773315022668535172434",
		"name" : "Red Bull",
		"brand" : "Red Bull",
		"price" : 4.50000,
		"volume" : "unknown"
	},
	{
		"id_outlet" : "174781837695277235773315022668535172434",
		"name" : "Mojito Red Bull",
		"brand" : "Red Bull",
		"price" : 10.00000,
		"volume" : "unknown"
	},
	{
		"id_outlet" : "174781837695277235773315022668535172434",
		"name" : "Bottle of Jack Daniels 1 Liter",
		"brand" : "Jack Daniel's",
		"price" : 80.00000,
		"volume" : "1000"
	},
	{
		"id_outlet" : "174781837695277235773315022668535172434",
		"name" : "Orgazm",
		"brand" : "Cointreau",
		"price" : 10.00000,
		"volume" : "unknown"
	},
	{
		"id_outlet" : "174781837695277235773315022668535172434",
		"name" : "Orgazm",
		"brand" : "Baileys",
		"price" : 10.00000,
		"volume" : "unknown"
	},
	{
		"id_outlet" : "174781837695277235773315022668535172434",
		"name" : "Bottle of Bacardi Rum 1 Liter",
		"brand" : "Bacardi",
		"price" : 60.00000,
		"volume" : "1000"
	},
	{
		"id_outlet" : "174781837695277235773315022668535172434",
		"name" : "Fanta Orange",
		"brand" : "Fanta",
		"price" : null,
		"volume" : "unknown"
	},
	{
		"id_outlet" : "174781837695277235773315022668535172434",
		"name" : "Coca Cola",
		"brand" : "Coca-Cola",
		"price" : null,
		"volume" : "unknown"
	},
	{
		"id_outlet" : "174781837695277235773315022668535172434",
		"name" : "Long Island",
		"brand" : "Coca-Cola",
		"price" : 16.50000,
		"volume" : "unknown"
	},
	{
		"id_outlet" : "174781837695277235773315022668535172434",
		"name" : "Cuba Libre ",
		"brand" : "Coca-Cola",
		"price" : 10.00000,
		"volume" : "unknown"
	},
	{
		"id_outlet" : "174781837695277235773315022668535172434",
		"name" : "Coca Cola Zero",
		"brand" : "Coca-Cola",
		"price" : null,
		"volume" : "unknown"
	}
]
